ID,area,skua50,pa_ratio,mean_aspect,mean_slope,adjust_mean_elev,mean_windshelt,flow_acc_log1p
1,87.95030212,1,0.929440975,17.01760054,11.40807343,30.81591797,0.376277775,0.154150684
2,2160.439941,1,0.297197998,11.84737117,12.33790016,19.5601902,0.341978341,3.529061382
3,22.15880013,1,1.176309943,61.73257305,6.195719242,3.196155548,0.293500006,5.236441963
4,216.1300049,1,0.397727013,40.2229291,2.835879564,2.033576965,0.287170589,5.984479454
5,938.5189819,1,0.260282993,5.147189791,7.764525414,6.867248535,0.287161559,3.488536218
6,1.294029951,1,4.480889797,25.92176093,8.777856827,8.82276535,0.271200001,1.945910149
7,161.8430023,0,0.522787988,41.28551834,8.083384514,14.96408463,0.176505268,1.778514213
8,3.549910069,0,2.693049908,12.02687065,7.488399982,19.16636086,0.182799995,2.302585093
9,6.278240204,0,1.934679985,0.12560281,7.309699059,18.99371338,0.186049998,2.740840024
10,372.42099,0,0.52045399,31.27683895,6.757699966,19.55412865,0.178661108,2.010448674
11,23.56110001,0,1.394140005,58.58276264,8.044205666,19.56718445,0.175160006,0
12,172.7610016,0,0.540256023,49.37215914,5.827373981,21.19341469,0.178985,1.34155848
13,308.9129944,0,0.569957018,69.74689975,6.088162422,21.49683952,0.18035467,0.148420002
14,76.39029694,0,0.618160009,94.8493547,8.111030579,17.79007149,0.187868744,0
15,726.6079712,0,0.347294986,78.07372288,7.613242149,21.59331894,0.187583044,0.555429946
16,496.1700134,0,0.451714009,76.04840992,8.426585197,22.74720383,0.192363024,0
17,130.9620056,0,0.663851023,66.9639835,11.70302963,34.43718433,0.193402946,0
18,87.29540253,0,0.540233016,66.61742403,11.54490852,35.75892258,0.195218176,0
19,187.4199982,0,0.503031015,52.6451008,13.35650253,36.63501453,0.200655326,0
20,2664.709961,1,0.396744996,62.35210848,13.79046726,45.54588366,0.210750684,0
21,6.446750164,1,2.750799894,71.64988002,14.37942982,47.70898438,0.194100007,0
22,35.23550034,1,1.05874002,42.30242777,14.95890045,55.93273926,0.264899999,0
23,562.5460205,1,0.499471992,39.76733932,14.3511734,49.55302525,0.263684392,0.940118057
24,70.74310303,0,0.806434989,79.42856147,21.16805267,63.03505325,0.208757892,0
25,25.24060059,0,1.523290038,70.15285547,14.85568714,70.2380867,0.206699997,0
26,14.46800041,0,1.652089953,59.66389714,19.63858795,73.77026367,0.294174999,1.386294361
27,86.97319794,0,1.000460029,46.50908947,19.76099586,70.3334465,0.317885011,0
28,36.22930145,0,1.488319993,44.40379698,19.14718819,65.29921913,0.317820013,0
29,1162.150024,1,0.534156978,56.21647518,18.03758621,64.48290253,0.273625702,0.228841584
30,33.74760056,1,1.107130051,23.39464465,16.63949203,114.8483887,0.295412511,0
31,241.4779968,1,0.399933994,100.8172767,21.56602287,104.3788414,0.219759315,0
32,30.56959915,0,1.315510035,72.4397238,14.51412773,57.66813183,0.204400003,0
33,139.3450012,0,0.65814501,67.49789089,13.63663197,49.9995904,0.218703225,0
34,6.955210209,0,2.053270102,73.64255669,13.23370457,67.40332031,0.226400003,0
35,252.4499969,0,0.454160988,76.87768483,14.30890369,69.09641266,0.225600004,0
36,180.7160034,0,0.895160973,76.43646477,13.69964695,61.9220705,0.221515551,2.403937582
37,6.329760075,0,2.180779934,71.74788338,13.68444633,59.02441406,0.218050003,1.252762968
38,6.956329823,0,2.563329935,68.62421413,16.13177299,46.83105469,0.218700007,0
39,17.11190033,0,1.215459943,69.9892344,15.79887581,49.08300781,0.214900002,0
40,47.51910019,0,0.674941003,68.52197542,12.9415493,36.67702389,0.223800004,0.435318082
41,6.874629974,1,2.455229998,103.5693829,13.10269928,112.5634766,0.1778,0
42,101.2870026,1,0.665167987,114.762941,21.29823875,112.2003555,0.173220828,0
43,2.994179964,1,3.053469896,171.5306934,28.79978561,115.4921875,0.185200006,0
44,18.54369926,0,1.058730006,108.2820109,7.856330872,103.3328133,0.208000004,0
45,12.91390038,0,1.231739998,107.1297605,11.63942719,97.68164063,0.191174999,0
46,5.328609943,0,2.305629969,124.2265648,20.36220551,91.0703125,0.205799997,0
47,NA,NA,NA,NA,NA,NA,NA,NA
48,51.13650131,0,0.900734007,91.79872699,9.413528442,88.88663101,0.224954545,0
49,38.79150009,0,1.00443995,92.07103306,9.671656609,91.62825394,0.222911105,0
50,183.9389954,0,0.602780998,91.39560942,12.29341125,85.35190201,0.211210862,0
51,254.246994,1,0.52611798,86.69511433,15.64449596,104.821125,0.203630507,0.658661016
52,18.0692997,0,1.791309953,89.98940004,17.11367226,82.99682617,0.207375005,0
53,86.39990234,0,0.723776996,76.64635713,17.77982712,79.30544281,0.22467728,0
54,616.6110229,0,0.541242003,88.71998916,7.616650105,99.50424576,0.232706517,0.042559615
55,1.329980016,0,4.485889912,69.57054436,8.143251419,98.3984375,0.241799995,0
56,616.6110229,0,0.389120013,88.71998916,13.1560564,96.95985031,0.214509189,0
57,NA,NA,NA,NA,NA,NA,NA,NA
58,17.88929939,0,1.323729992,48.10024284,7.989276886,99.42724609,0.262699991,0.28768208
59,15.26179981,0,1.284039974,47.05302985,10.14771652,95.97050858,0.26038,1.526056283
60,2.055919886,0,3.151469946,37.26906396,11.08849525,96.6171875,0.272500008,0
61,38.76549911,0,0.822879016,49.79777592,10.34929848,92.236763,0.257499993,1.20397278
62,40.43999863,1,1.023440003,42.45902813,10.21576214,90.19238281,0.256725013,2.178532462
63,75.9838028,0,0.924787998,43.80682825,10.99642181,89.49691772,0.254636854,0.839750649
64,12.44019985,1,1.221709967,50.23990247,11.11342812,88.22330856,0.245566666,1.46633705
65,4.648320198,1,2.218240023,52.09300926,11.59914398,86.67480469,0.240600005,1.098612289
66,6.430409908,1,2.224090099,60.81434186,10.85393524,87.15576172,0.243499994,0
67,20.00959969,1,1.672530055,62.0139861,12.55777645,85.2109375,0.238900006,0
68,64.51509857,1,0.931307971,46.77951638,13.15268326,84.68780518,0.240099996,3.218875825
69,56.14120102,1,0.964474976,58.11725295,16.22871971,81.58455276,0.239583328,0
70,22.4144001,1,1.209540009,62.57429982,13.97871685,77.15585899,0.234300002,0.788457382
71,65.48509979,1,0.906379998,62.74927336,14.9156599,73.09223175,0.23013334,0
72,49.97510147,0,1.140730023,68.1499493,15.4175806,69.94740486,0.228357136,1.098612289
73,80.66149902,0,0.956310987,58.04482236,16.00477219,67.89225197,0.234214291,2.243744622
74,85.00489807,0,1.027899981,73.52123484,14.98184109,56.24125576,0.220309094,0
75,50.93759918,0,1.051550031,63.3003399,14.5109396,53.45011997,0.220538467,0.325422405
76,219.4869995,0,0.786970973,71.01175284,14.52347946,46.76064453,0.221811995,2.09186405
77,80.68589783,0,0.711808026,68.01072167,12.88820648,38.38315392,0.229045004,2.246014721
78,55.20209885,0,0.905543029,64.09911177,11.7684288,38.47094727,0.235125005,3.735683551
79,76.54100037,0,0.730572999,72.84653651,14.87008667,53.44207764,0.218174994,0
80,36.01800156,0,0.769536972,68.69120069,9.77856636,27.68294334,0.220699996,0
81,578.4559937,0,0.354342997,72.33061475,11.52759457,33.05167866,0.21586518,1.563975516
82,NA,NA,NA,NA,NA,NA,NA,NA
83,32.34859848,0,0.968518019,70.14198619,7.938889503,28.82500076,0.231720001,2.001480013
84,9.728190422,0,1.703680038,37.26590082,7.298242092,25.74707031,0.232500002,3.526360525
85,NA,NA,NA,NA,NA,NA,NA,NA
86,5.409959793,0,1.797389984,68.85869181,8.62231636,25.51904297,0.221599996,0
87,NA,NA,NA,NA,NA,NA,NA,NA
88,193.526001,0,0.551239014,58.48213781,7.229238033,26.63550949,0.229880437,2.875772935
89,926.8880005,0,0.48368901,28.39714631,5.438942432,24.18849373,0.225964248,1.630038764
90,19.98209953,0,1.10995996,83.73932272,10.39186096,28.18774414,0.212924987,1.252762968
91,122.0139999,0,0.547905028,73.57862192,8.627275467,25.89010239,0.215582147,0
92,100.4550018,0,0.493438005,59.38198118,7.064043999,23.75878906,0.220533326,0
93,181.8679962,0,0.664965987,44.50153167,5.885532379,23.20707893,0.224060982,3.197178742
94,68.13030243,0,1.134860039,73.66800848,9.315876007,88.74956512,0.240294442,0.543615439
95,96.41000366,0,0.698813021,76.86623015,9.6323843,85.93380737,0.239969566,0.975379635
96,97.50710297,0,1.082970023,86.33396334,10.4732666,85.28777313,0.230332002,0
97,128.1940002,0,0.605086029,79.82120665,13.55663204,54.89345694,0.221373335,0
98,14.31799984,0,1.336069942,77.48652205,13.61243248,57.2814455,0.223240003,2.965273046
99,54.06209946,1,0.882188976,63.99405965,14.24193668,69.86606026,0.240623072,3.380471236
100,10.71100044,0,2.071010113,65.46685738,14.80226135,69.67944336,0.235475004,3.64414356
101,8.191590309,0,1.987089992,69.34921605,13.71300697,71.09960938,0.235799998,3.449987546
102,117.4950027,0,0.597189009,59.60067413,14.04266453,65.26388168,0.239549994,3.181025589
103,52.0318985,0,0.79331702,52.95134124,14.2519865,64.39513206,0.2403,0.836248016
104,32.97040176,1,1.22300005,49.91852754,14.0459404,66.99365234,0.241724998,1.32175584
105,107.0670013,0,0.759912014,48.82633517,14.25053215,66.14421654,0.248114288,2.114532845
106,32.09609985,1,1.007650018,48.65556586,15.17532349,71.76994896,0.258314282,1.904237473
107,327.0710144,0,0.541985989,49.51397551,14.8718462,68.21323776,0.255088151,1.692714211
108,965.8859863,0,0.320457995,54.78537677,12.75944805,42.29645729,0.251924455,2.631228913
109,29.74629974,0,0.957005978,54.17878524,11.29374027,47.04801432,0.254716665,2.833213344
110,132.7960052,0,0.433486015,74.41189357,9.578671455,19.31770515,0.197899997,0
111,697.0460205,0,0.261179,78.2170107,11.23863888,14.09445572,0.204031542,0.029327615
112,405.8850098,0,0.373932987,84.78414075,12.01413631,16.26250648,0.194529891,0
113,284.3340149,0,0.532971978,50.29674223,9.672688484,14.67415619,0.212077141,0
114,556.2739868,0,0.377737999,58.56243794,12.07577991,12.57432556,0.216707513,3.152671774
115,67.19120026,0,0.684751987,79.5233461,9.669006348,25.96024895,0.248023525,2.925688412
116,153.6419983,0,0.693494976,79.86519613,5.338742733,25.67855644,0.234697372,1.714271938
117,78.49770355,0,0.631869018,124.464905,6.484400749,23.75767326,0.226799995,0
118,76.60050201,0,0.780752003,103.1493093,10.31455612,18.47581482,0.221605882,0
119,4.984330177,0,2.336380005,27.2788604,7.242549896,22.96679688,0.215200007,0
120,49.17860031,0,1.247300029,29.09969318,12.1933279,16.81186104,0.23160769,0.730887535
121,24.82060051,0,0.884949982,48.86587752,8.584140778,20.93408203,0.220533341,0
122,97.01300049,0,0.684565008,38.7218563,9.206419945,20.0744133,0.221172005,5.064365609
123,472.6960144,0,0.325331986,45.51985171,9.703328133,15.5999012,0.215348691,0.091349775
124,205.0249939,0,0.426766992,80.93690939,10.26154613,12.01216507,0.202736959,0
125,50.51340103,0,0.833281994,50.8359932,12.78360939,9.468257904,0.203400001,0
126,143.1690063,0,0.473363996,64.85501842,7.124516964,12.55615234,0.23925294,5.92582736
127,89.61049652,0,0.951763988,43.51827967,13.72514534,5.450317383,0.25204584,0
128,106.8349991,1,0.58348,53.40285154,16.88951111,82.59061813,0.265148282,2.017199246
129,1.543599963,0,3.351300001,36.95565685,14.82285881,77.97949219,0.268000007,0
130,19.60090065,0,1.220970035,36.38712894,14.60460186,77.42529297,0.279825002,0
131,150.1519928,0,0.698879004,35.75055333,15.43150234,75.24701691,0.277294457,2.32184293
132,104.8079987,0,0.553057015,34.8616759,15.74110889,69.72491074,0.282676935,5.471624082
133,226.1629944,0,0.858343005,37.82592228,14.96238232,61.01194382,0.286623061,0
134,226.1629944,0,0.423895001,37.82592228,14.97494507,57.36896992,0.282457501,5.044231244
135,44.76950073,0,0.813889027,55.86818055,16.57518959,104.6685371,0.269208342,0
136,40.5481987,1,0.767323971,55.69382918,16.46267891,109.1209869,0.26153332,0
137,18.81200027,1,1.708170056,60.09628056,18.36914825,110.0693359,0.254133344,0
138,29.09449959,1,1.030419946,57.56573706,17.52620888,116.7327499,0.254299998,0
139,149.5010071,1,0.621252,61.5151227,16.60004234,112.7848511,0.24103947,0.744440454
140,18.37059975,0,1.497589946,41.34524202,14.22010708,102.2001953,0.256680012,1.163150825
141,21.75160027,0,1.640439987,36.59902732,14.57174492,103.6017265,0.258266658,0.154150684
142,31.28680038,0,1.111039996,34.62142765,14.61971283,105.9195023,0.257400006,0
143,74.49990082,0,0.700882971,39.72095397,15.05207729,93.65473175,0.255722225,1.673976463
144,123.1200027,0,0.522394001,39.72271317,15.33951187,92.37817383,0.266442865,3.001075145
145,26.22629929,0,1.128219962,29.04610385,15.88379097,94.5625,0.293657154,0.45198514
146,70.16139984,0,0.807434976,36.84036568,15.9354763,87.74902344,0.27814737,2.890371758
147,53.3844986,0,0.77375102,36.19867701,16.02374268,89.06428909,0.287649989,0
148,319.9809875,1,0.409740001,62.54805389,13.02707958,92.40806961,0.233303756,2.29631548
149,300.3320007,0,0.459908009,51.42515899,13.10148525,90.0251236,0.243412331,1.080178577
150,502.2980042,0,0.503458023,33.0079144,15.67956829,84.26775742,0.289767772,4.348516901
151,105.1869965,1,0.583374023,-2.497744464,14.84068108,144.3415451,0.33488518,2.4567358
152,310.0360107,1,0.534959972,6.469636338,12.80438423,138.0571365,0.298260272,4.448596504
153,100.0230026,0,0.570658028,26.83856505,10.38757515,134.1388397,0.276069552,5.232966911
154,3.261100054,1,2.972389936,39.20853164,11.04750824,134.5585938,0.246399999,2.944438979
155,12.85589981,0,1.935029984,29.62778029,16.44316864,111.9350586,0.285700023,2.140066163
156,11.88459969,0,1.717869997,25.8376902,16.1206131,113.5810547,0.26819998,2.602689685
157,17.7541008,0,1.371510029,21.95409482,16.97622681,103.9726563,0.307449996,0
158,1.453649998,0,3.738559961,25.86380746,15.60083866,105.2412109,0.289900005,1.386294361
159,17.44519997,1,1.412299991,61.90931896,15.62374687,128.4327774,0.252766669,0
160,98.92359924,1,0.887153983,61.26876809,14.57494831,123.8068466,0.234549999,0
161,82.82929993,0,0.797077,35.11659043,14.54077148,114.5557175,0.252361119,1.704748092
162,43.64369965,0,1.070850015,64.66670231,13.40487385,78.26399803,0.234988883,1.945910149
163,2.353329897,0,2.639179945,63.90586547,11.93398094,79.62695313,0.235599995,0.693147181
164,10.90180016,1,1.54835999,51.34789209,15.18696213,90.36816406,0.250499994,2.871679589
165,602.776001,0,0.355306,39.36187541,14.23357964,51.97949886,0.274682194,0.972230766
166,7.499949932,0,1.775730014,47.13823517,14.38643265,52.11523438,0.270399988,1.945910149
167,NA,NA,NA,NA,NA,NA,NA,NA
168,133.1690063,0,0.837191999,39.29486979,13.82878113,50.8702116,0.248696774,2.997343924
169,306.6860046,0,0.347662002,14.45339376,10.54726696,32.42679882,0.251294434,0
170,110.637001,0,0.837185979,36.95024056,13.71992874,62.3568964,0.258492321,0
171,20.13369942,0,1.25327003,29.95154187,13.8682766,61.71425819,0.27353999,0
172,10.09749985,0,1.796149969,27.45725588,14.3215332,63.84912109,0.317799985,0
173,32.12519836,0,1.184900045,21.7031973,13.45722961,60.82958984,0.246450007,0
174,60.25719833,0,0.64745599,30.84120223,12.12368107,67.24290276,0.236546665,0
175,168.8650055,0,0.569409013,54.39196325,17.30049515,91.66926193,0.270742506,0
176,233.4409943,0,0.688525021,55.63413474,15.84238911,90.34062958,0.246291071,0
177,3.522160053,0,2.756910086,56.02986065,15.80340004,86.91503906,0.259799987,0
178,39.24129868,1,1.121279955,83.49543756,18.7411232,139.0703125,0.1664,0
179,42.95769882,0,0.961727023,83.70722532,17.08077621,129.416893,0.180710003,0
180,87.36620331,1,1.009699941,81.94704908,18.40369034,138.817749,0.170833334,0
181,338.3479919,1,0.592182994,92.71212521,17.25370789,142.3226013,0.127678826,0
182,5.827630043,1,2.1698699,107.1937942,18.74773216,136.7119141,0.226699993,0
183,119.4290009,1,0.585469007,107.5182122,17.06110764,125.8332062,0.101793334,0
184,442.8989868,0,0.451112002,40.27992801,13.28825665,99.00956345,0.24924767,1.173609972
185,170.8730011,1,0.442618996,89.24712031,18.35357094,131.1380081,0.130748779,0
186,NA,NA,NA,NA,NA,NA,NA,NA
187,11.66779995,0,1.559919953,87.3922124,13.04122162,120.1948242,0.115500003,0
188,161.6069946,0,0.508256018,81.36640432,14.24966908,121.3739014,0.142692506,0
189,42.64179993,0,0.852952003,74.93529296,13.99489975,112.1966171,0.155044451,0
190,NA,NA,NA,NA,NA,NA,NA,NA
191,NA,NA,NA,NA,NA,NA,NA,NA
192,11.01239967,0,1.947569966,65.46849207,12.36470413,107.7779961,0.159299999,0
193,63.5707016,0,0.904543996,59.00919222,11.70073891,103.3443604,0.164943755,0
194,71.99099731,0,0.927304983,53.53189692,10.84560871,103.0905342,0.168052942,0
195,4.171160221,0,2.767100096,75.25070072,11.39875793,110.7597656,0.126000002,0
196,5.235650063,0,2.033329964,77.0774486,12.70322037,115.1640625,0.145999998,0
197,22.46780014,0,1.534360051,74.86208171,10.73529243,113.8640976,0.128749996,0
198,44.10950089,0,1.500339985,73.3682831,10.71455669,109.2222214,0.134100005,0
199,45.91049957,0,1.085049987,60.63217041,9.279715538,108.6328125,0.139369994,0
200,39.41230011,0,0.952983975,119.9333961,15.58339405,101.2121811,0.135736361,0
201,8.060680389,0,2.086410046,135.6775821,12.40392113,92.69970703,0.161300004,0
202,35.09120178,0,1.034970045,131.5722358,11.30108643,91.10177994,0.176211104,0
203,33.7519989,0,1.038879991,140.3741839,11.05634975,89.54936981,0.180588886,0
204,25.13960075,0,1.131330013,117.092103,10.70332241,87.14034653,0.200014293,0
205,72.26789856,0,1.032760024,116.3774209,10.6636858,89.50367737,0.191705883,0
206,45.67570114,0,0.654191971,119.8440234,12.0598011,94.11728668,0.204479992,0
207,33.29460144,0,0.938591003,72.1286986,19.94643021,81.55944824,0.302062511,0
208,152.6660004,0,0.630080998,118.7323301,10.81758404,89.81049347,0.202240542,0
209,202.6569977,0,0.575183988,102.4118487,8.048900604,85.82820129,0.230777994,0.891998063
210,14.17169952,1,1.888859987,91.9529166,13.80340958,118.6650391,0.243375003,1.749199855
211,51.47570038,1,0.754296005,107.9309218,13.42058563,113.3628922,0.22755,1.547562519
212,91.5306015,0,0.492195994,104.8438775,13.65955353,104.5303154,0.223370835,2.135152167
213,32.79610062,0,0.763969004,115.5708667,17.60531616,105.5581055,0.185212493,0
214,5.841629982,0,2.300810099,69.79828998,11.43017197,104.8149414,0.179800004,0
215,1.792590022,1,3.083019972,114.4483369,14.41566086,111.4101563,0.174500003,0
216,15.77519989,1,1.857329965,117.6813397,15.05683708,111.5309219,0.147633329,0
217,151.0420074,1,0.649635971,117.716739,14.37944317,108.2124329,0.15855588,0
218,129.5709991,0,0.476976007,91.18562804,12.55115604,101.3355713,0.176612496,0
219,85.49590302,0,0.676620007,123.0978896,12.75292015,98.48976898,0.163261905,0
220,14.66530037,0,1.345569968,90.37221541,12.41791534,102.0016289,0.23816666,0
221,18.78790092,0,1.658810019,103.0691499,10.09023571,105.133091,0.252057135,0
222,16.54800034,0,1.517240047,76.09437035,11.28487682,100.541748,0.260450006,2.708050201
223,26.9836998,0,1.47100997,78.76357284,7.079576969,102.7269516,0.26226002,2.681021555
224,10.84770012,0,1.627329946,90.36770341,11.53303337,99.22460938,0.238133326,0
225,43.33349991,0,1.028640032,86.05705434,10.72124386,89.9457016,0.232219994,1.526056283
226,11.1335001,0,1.803750038,71.49343371,8.195981026,86.9729805,0.246133327,1.46633705
227,10.91359997,0,1.647109985,67.84786187,7.701618671,87.91796875,0.247199997,0
228,25.90819931,0,0.859333992,71.23453196,8.543546677,88.57844925,0.247549996,1.46633705
229,37.64709854,0,1.025519967,82.49112523,8.824513435,83.03183746,0.268279999,5.852489812
230,58.24000168,1,0.884855986,83.62147224,11.25050259,79.81827927,0.272424996,0
231,137.4530029,0,0.598038971,139.0337308,20.86414909,93.25862503,0.178856671,0
232,1.534279943,0,4.081480026,123.2940668,14.26591778,105.2138672,0.146200001,0
233,9.979519844,0,1.407359958,45.63781504,15.70372581,65.12109375,0.272199988,3.075774952
234,254.7259979,0,0.761469007,43.55003098,14.83704281,66.87336731,0.269127876,2.525072683
235,26.20219994,0,1.444100022,38.96571806,15.55215549,72.06598854,0.272300005,0
236,7.844170094,0,1.638800025,44.09545988,15.53129578,76.03483009,0.262899995,0
237,49.10680008,0,0.755584002,23.67827272,12.90824223,80.46061325,0.248575002,0
238,95.65419769,0,1.04937005,31.86650362,14.2724905,83.26740646,0.264456511,0
239,90.44930267,0,0.603182971,41.58343291,14.94764996,82.03960037,0.277280003,0
240,102.064003,0,0.802492023,32.6037813,13.58154964,79.74683762,0.261115998,0
241,211.2189941,0,0.774514019,45.50794281,15.17377949,77.68851471,0.255124986,0
242,4.877470016,0,2.460370064,43.3349991,14.2628994,78.54199219,0.264600009,0
243,293.2420044,0,0.512432992,38.66629401,12.83374214,73.83200455,0.242002815,0
244,228.6150055,0,0.401284993,73.088986,13.1808691,52.10475874,0.169170916,0
245,87.00109863,0,0.702932,66.97353174,14.57069302,53.9489398,0.199680954,0
246,325.7929993,0,0.421068013,98.21335897,10.93209553,39.59077263,0.181409761,0
247,12.84720039,0,1.418490052,82.484697,13.70009136,33.53466797,0.179875001,0
248,37.67860031,0,0.948530018,88.00204314,9.431443214,29.73643684,0.190722227,0
249,47.60380173,0,0.798464,102.7723435,11.71037579,29.22127342,0.217466667,0
250,42.86849976,1,0.938197017,68.16957141,14.57285976,107.7706146,0.317800015,0
251,261.0429993,1,0.496695995,57.19292043,13.85180473,106.9440727,0.324765086,2.566169609
252,107.0009995,1,0.751676023,37.69091775,10.08409405,113.3453751,0.353014827,8.073922394
253,389.5920105,0,0.565312028,88.93400054,11.1087656,94.0731926,0.243047923,1.394076502
254,69.33260345,0,0.753722012,110.2096298,12.72825909,100.9921341,0.220149994,2.280112226
255,492.0570068,0,0.530079007,104.432217,12.98602867,97.9180336,0.211359829,1.059610137
256,6.71931982,0,1.56596005,103.3051323,7.199734211,82.22363281,0.237199992,0
257,64.63670349,1,0.709435999,87.13871852,6.955095768,80.97583008,0.247543752,2.039595633
258,116.526001,1,0.568616986,92.61940778,12.82600403,47.46057582,0.233822227,0
259,103.7819977,1,0.606975973,91.49176369,11.58109093,42.92702055,0.246684611,0
260,708.3410034,1,0.354357988,86.30583319,12.60438251,47.04269054,0.276587218,0
261,379.3190002,1,0.611266017,89.41254224,11.76333141,39.34215403,0.231724739,0
262,25.98839951,0,1.128170013,92.03054948,12.67067719,33.45410156,0.224942848,0
263,250.1999969,0,0.44710201,96.69607381,14.68754387,61.39767456,0.211429685,0
264,36.86050034,0,1.153229952,139.4989195,18.70662308,64.83557129,0.246224999,0
265,381.2019958,0,0.591153979,85.75353427,14.63649273,54.84769773,0.258176595,0
266,341.2999878,0,0.378758013,95.98927844,10.77317619,25.93021202,0.212591246,0
267,38.4095993,1,1.03647995,63.10277361,11.63105202,115.3832016,0.353929996,0
268,63.38639832,1,0.928999007,65.47400811,10.20133114,118.7264099,0.358984619,0
269,NA,NA,NA,NA,NA,NA,NA,NA
270,19.43250084,1,1.65407002,62.42103686,10.06317139,120.4467773,0.381749988,0
271,4.35574007,1,2.500400066,57.67619876,11.83823204,118.4384766,0.377600014,0
272,62.96989822,1,0.588729024,70.09816628,8.954883575,122.4150391,0.381300002,0
273,35.88669968,1,1.224519968,56.45113721,9.453145027,123.0340729,0.388877779,0
274,33.1534996,1,1.332640052,49.6852936,10.07786369,121.0191422,0.388620019,0
275,102.2770004,1,0.57228601,70.51504451,13.215518,127.0642471,0.392295837,0
276,1.774199963,1,3.256279945,55.04820704,8.629178047,123.0214844,0.39230001,0
277,11.71389961,1,1.49052,46.32409444,8.288192749,122.5771484,0.393550009,0
278,108.8610001,1,0.603504002,47.00891387,8.54668045,124.3004684,0.39694801,7.691236679
279,27.67910004,1,1.01522994,25.05337137,9.613937378,124.3697281,0.398039997,0
280,NA,NA,NA,NA,NA,NA,NA,NA
281,25.16209984,1,0.94779402,5.731678121,7.651302338,129.4492188,0.410933346,0
282,241.5070038,1,0.579813004,56.27537878,7.491745472,129.1519394,0.411889285,6.901791118
283,4.16835022,1,2.129810095,33.94167259,9.490852356,126.6982422,0.403899997,0
284,11.15229988,0,1.664610028,25.6810176,8.510276794,127.0810547,0.40323332,6.926577033
285,45.21039963,1,0.964311004,22.27842884,10.32522392,126.6026382,0.398070008,0
286,3.315530062,0,2.203130007,6.635456435,8.011528015,132.0732422,0.419800013,0
287,21.06579971,1,1.340319991,52.88756787,8.414154053,137.6408691,0.453099996,0
288,92.87719727,1,0.750240982,-4.217123985,7.27767992,142.3868408,0.462049991,2.522389718
289,24.83340073,1,1.169810057,11.30591909,5.086606979,143.7962875,0.459399998,3.186352665
290,61.71749878,1,0.677450001,54.98013798,12.07704639,139.0542603,0.467225015,0
291,3.642930031,1,2.033119917,-42.18375841,6.695627213,142.6025391,0.424499989,1.791759469
292,8.584710121,1,2.179490089,-14.26511204,7.478969097,139.9101563,0.459500015,0
293,8.584710121,1,3.561009884,-14.26511204,9.141685486,139.1279297,0.455599993,0
294,4.44039011,1,3.689860106,18.07468806,6.400697708,141.8769531,0.43689999,0
295,6.061230183,1,2.004920006,33.67974993,9.886281967,140.8007813,0.453000009,0
296,2.464159966,1,2.930140018,47.64030248,11.67061138,136.9404297,0.418300003,0
297,16.31349945,0,1.498639941,26.4577997,13.95399952,130.1420898,0.388475001,6.151135675
298,36.19829941,1,1.589020014,40.65585972,12.82743645,135.1741562,0.371100008,0
299,48.31710052,1,0.830971003,42.98250198,15.26804924,131.2673492,0.368584603,0
300,12.15240002,1,1.263700008,20.56215848,9.567538261,137.4801407,0.381266654,0
301,8.402739525,1,1.540869951,27.46959868,6.139762402,139.0893555,0.383350015,0
302,2.134409904,1,2.718719959,48.9946971,9.890985489,137.8466797,0.370700002,0
303,15.31739998,1,1.054550052,40.00362479,12.18205833,121.9082031,0.37683332,0
304,13.25220013,1,1.577260017,48.40240298,9.260375023,126.6870117,0.362100005,0
305,NA,NA,NA,NA,NA,NA,NA,NA
306,62.51129913,1,1.115460038,55.92988466,12.06324673,123.7256546,0.355120003,0
307,20.95240021,1,1.054909945,55.43724227,12.63941383,118.9607773,0.341883332,0
308,35.68629837,1,1.146289945,48.47291413,12.67893982,121.1137695,0.353175014,0
309,26.16769981,0,1.027349949,43.7491326,12.97514915,114.6995468,0.35376668,6.928864222
310,26.14640045,0,0.966584027,39.92591618,12.34937,111.7280273,0.346433342,7.026426809
311,61.04579926,1,0.983843029,52.2626593,13.45580578,116.1925659,0.33735624,0
312,0.753697991,1,5.294020176,49.27924477,13.25224304,117.7070313,0.34799999,0
313,25.6371994,1,1.140910029,49.56914872,13.5337925,114.5789642,0.342271417,0
314,8.829649925,1,1.77651,40.14093231,11.08447075,122.1386719,0.35224998,0
315,10.6697998,1,1.670869946,32.35615738,8.308133125,122.5895996,0.386824995,0
316,4.392549992,1,2.653310061,35.87938756,11.00152016,118.5009766,0.36590001,0
317,8.848810196,1,2.024179935,45.4895005,12.06411457,118.742836,0.349033326,0
318,12.91429996,1,1.641129971,48.66995993,12.3293438,116.8123016,0.347140014,0
319,71.05220032,0,0.69315201,51.19667215,11.99332142,109.6580505,0.334347367,0
320,2.687599897,0,2.530250072,53.5915761,11.97748375,106.8837891,0.32100001,0
321,108.3479996,0,0.586612999,50.81089954,10.8162632,104.6630516,0.322892606,0
322,36.51290131,0,0.740152001,49.92834332,12.21282959,106.1655807,0.326777786,0
323,10.875,0,1.639160037,45.58706225,12.4155674,106.1350899,0.327033341,0
324,9.21625042,0,1.449599981,30.38669912,11.11576366,115.4723282,0.362466663,0
325,91.24310303,1,0.678466976,30.32970356,12.30970764,112.8885803,0.34860909,0
326,26.06609917,0,1.177260041,42.48066388,13.39148903,109.940918,0.337500006,0
327,233.7969971,0,0.537329018,42.45379664,12.42773819,106.1665382,0.333730012,0
328,124.9329987,0,0.582750976,35.32748017,11.29497623,90.48632813,0.293662488,0
329,NA,NA,NA,NA,NA,NA,NA,NA
330,16.12999916,0,1.668079972,47.06843392,10.37279034,93.52954102,0.287824988,0
331,30.91830063,0,0.99574703,47.10125892,10.63333607,88.77929688,0.287620008,0
332,9.6980896,0,2.419950008,45.04202105,10.86592388,91.06665039,0.285174996,0
333,16.81019974,0,1.214949965,40.88750938,12.75537491,81.5823555,0.286533326,0
334,2.646169901,0,3.817329884,35.6052387,11.66327095,82.99804688,0.284500003,0
335,29.1208992,0,1.052180052,73.79925762,6.866825104,83.14807129,0.248937503,1.287854288
336,640.2780151,0,0.34821099,104.0041411,14.33626652,33.88460064,0.204709381,0
337,40.70149994,0,1.314839959,90.76919649,11.11634922,30.57736588,0.177622229,0
338,64.51699829,0,0.751031995,113.4524263,9.871368408,19.32757568,0.209843755,0
339,18.20050049,0,1.505730033,23.31299133,12.27571106,8.807769775,0.260399997,1.909542505
340,8.338950157,0,1.910169959,34.15148364,13.67880821,7.075061798,0.27245,2.602689685
341,64.39880371,0,0.816685975,66.48100542,14.14267921,44.64849854,0.184081256,0
342,141.6750031,0,0.583446026,53.59090059,9.887252808,31.23880005,0.192006245,0
343,288.1830139,0,0.360610992,103.2523967,9.783639908,26.83831406,0.13239105,0
344,171.6560059,0,0.597945988,68.50042884,20.84824181,12.22528458,0.292490005,0
345,9.577079773,0,1.670779943,25.08724592,8.330809593,22.41275978,0.239099994,0
346,NA,NA,NA,NA,NA,NA,NA,NA
347,212.102005,1,0.694449008,-28.84387774,4.734274387,144.1953354,0.53075099,4.099884722
348,971.1690063,1,0.317883015,23.56032058,9.738138199,144.445282,0.492811859,1.263599902
349,21.14069939,0,0.877723992,46.79513477,8.599315643,31.5466795,0.272819996,0
350,17.84679985,0,1.376129985,37.56170716,7.908509254,33.35019493,0.270539999,0
351,98.06390381,0,0.912243009,36.107039,8.443713188,35.44074249,0.274583995,0
352,79.76039886,0,0.754119992,47.38755588,7.400718212,31.67319584,0.266188234,0
353,12.53779984,0,1.706779957,-27.12614589,14.73275757,33.69750977,0.29124999,0
354,29.31629944,0,1.443210006,-10.47130263,12.25056934,43.7479074,0.288428575,0
355,62.41650009,0,0.63530302,27.16065549,6.092907429,32.10046387,0.295712501,2.217843865
356,178.5939941,0,0.60403502,34.32485027,7.786343575,37.72902584,0.307581812,1.939395474
357,4.620470047,0,2.172290087,38.06621461,6.938451767,47.96582031,0.319100022,2.251291799
358,42.51670074,0,0.891812027,45.39585385,8.434919357,50.24042964,0.321429998,2.406945143
359,38.70980072,0,0.901260018,40.43118533,7.838532448,51.53255224,0.320144445,2.437504429
360,2.146810055,0,3.175760031,56.78014852,7.12539959,51.78613281,0.327899992,2.708050201
361,29.11490059,0,0.777152002,59.80519246,7.648724556,49.43108249,0.326928556,2.849880444
362,36.00159836,0,0.981644988,35.46273251,6.35943222,47.87568361,0.333580017,5.001930833
363,3.832839966,0,2.724740028,49.04425321,7.079661369,47.57714844,0.338099986,0
364,NA,NA,NA,NA,NA,NA,NA,NA
365,112.8970032,0,0.691178024,47.82749416,7.618748188,48.36076474,0.344673067,3.968839475
366,60.98839951,0,1.202640057,45.72905322,6.865400791,46.46911621,0.299293756,0
367,17.2098999,0,1.220270038,32.17506391,7.18294239,46.57299805,0.315724999,2.48490665
368,4.245079994,0,1.914849997,28.183685,6.796604633,45.92871094,0.315600008,2.302585093
369,312.4360046,0,0.808216989,58.33496552,7.221163273,41.35500097,0.316830993,2.806343528
370,11.59459972,0,1.745079994,27.44677374,7.314612389,41.09993505,0.313733339,0
371,74.57250214,0,0.895534992,42.81272542,8.313008308,43.01218367,0.312861919,0.906721269
372,15.70559978,0,1.93580997,9.178747432,8.910060883,57.13671875,0.315466672,3.412247239
373,NA,NA,NA,NA,NA,NA,NA,NA
374,58.83250046,0,0.698751986,37.45173345,6.290993214,40.65351582,0.34180668,5.445011772
375,80.05960083,0,0.563175023,27.30511863,9.864847183,48.05004883,0.364484996,3.88465184
376,44.2521019,0,0.842441022,32.9237881,7.658273697,34.54619122,0.331750005,0
377,NA,NA,NA,NA,NA,NA,NA,NA
378,7.02696991,1,1.730970025,66.75548255,14.37974167,14.51855469,0.465900004,0
379,30.33209991,1,1.271999955,76.12421916,18.6125412,17.68188477,0.396387488,0
380,5.35958004,1,3.000590086,74.25213693,12.29217148,35.14550781,0.429700017,0
381,NA,NA,NA,NA,NA,NA,NA,NA
382,21.21069908,0,1.204390049,5.978405803,8.429062843,32.30273438,0.30915001,0
383,5.925189972,0,1.759349942,66.0127267,14.54645824,40.02441406,0.497799993,0
384,NA,NA,NA,NA,NA,NA,NA,NA
385,87.55670166,0,0.697910011,50.13378529,7.506829739,31.07036114,0.289824992,0
386,NA,NA,NA,NA,NA,NA,NA,NA
387,26.6446991,0,0.969724,47.29033072,7.272032261,43.17773438,0.301600009,0.251314438
388,19.41189957,0,1.554260015,49.15901875,5.762671471,41.71459961,0.298900008,0
389,28.58320045,0,1.35995996,54.11261592,6.068657875,40.46272802,0.300633341,1.504077397
390,40.42240143,0,0.826825976,66.14373589,7.924310207,38.83671856,0.299079984,1.609437912
391,47.66329956,0,0.783288002,73.81393749,18.55563354,15.6971035,0.394575,0
392,123.7689972,0,0.723690987,66.92957733,14.73304462,10.07535553,0.397430003,0
393,162.5659943,0,0.476090014,64.70670456,13.70693493,8.370967865,0.441778034,0
394,558.6970215,1,0.274888009,14.96214233,7.620433807,1.167873383,0.492377937,3.097704688
395,96.1765976,0,0.639871001,5.568406635,12.97796345,13.85564041,0.241939127,0
396,83.02130127,0,0.908427,56.66603447,6.916194439,30.83670807,0.281357884,0
397,41.87229919,0,1.212849975,-18.06348813,16.13555717,25.88633919,0.277929991,0
398,71.36660004,0,0.953423977,49.16907276,7.631924152,32.95703125,0.1161125,0
399,430.5010071,0,0.331045002,5.478420553,13.34740734,31.32292938,0.249333978,0
400,110.1449966,0,0.467857987,21.24962283,12.58361053,23.05968285,0.25590384,0
401,270.4830017,0,0.535305023,16.67936165,14.36581516,32.76600647,0.257920325,0
402,40.81480026,0,0.872852981,50.23630982,11.31157112,17.70206642,0.230783328,0
403,338.7470093,0,0.529238999,1.044555298,15.65407276,23.06130981,0.28501001,0
404,231.0590057,0,0.406253994,28.80400519,11.25854301,25.84868431,0.232564911,0
405,218.5269928,1,0.439853996,97.99511224,10.52523422,71.49318314,0.282974988,0
406,326.4119873,0,0.328303009,104.8123008,7.696420193,59.43494606,0.294205129,0
407,24.64590073,0,1.181450009,43.9040025,8.278471947,58.90266895,0.310433328,8.995474962
408,8.62195015,0,2.125839949,65.28945327,6.892478943,56.02246094,0.307099998,0
409,50.75749969,1,1.04163003,12.79580627,19.93002319,85.76301956,0.637075007,4.519975368
410,31.6711998,1,0.968627989,5.56891725,21.70310402,77.56363869,0.583466649,0
411,392.401001,0,0.481400013,48.76505943,7.010409832,42.79266357,0.330710411,3.533686565
412,132.9880066,0,0.971095026,43.75289331,9.691404343,95.28085327,0.294165611,8.884679482
413,26.44869995,0,1.247189999,34.64385521,12.34884453,101.9505844,0.315739989,0
414,22.61219978,0,1.624469995,39.38713131,11.78547478,101.4556656,0.313019991,0
415,265.8380127,1,0.478551,38.74708602,12.10656738,104.6534195,0.323802948,8.354148158
416,17.10849953,1,1.727830052,40.38767367,13.01309776,104.8884773,0.329320014,0
417,282.8269958,1,0.631205976,46.25600417,10.53556252,98.84340668,0.303890139,3.105659829
418,7.084469795,0,2.308799982,64.49617204,12.31571579,96.23925781,0.289999992,0
419,3.712349892,0,2.002870083,68.36888842,11.92644501,96.12011719,0.288399994,0
420,135.7189941,1,0.490781009,89.7353393,8.745661736,78.58912849,0.247759998,0
421,48.20220184,1,1.033110023,79.35929007,15.15301132,25.96557617,0.441224992,0
422,42.67499924,1,0.849928021,25.49032728,6.056713104,10.40491867,0.224922225,3.622858308
423,464.7680054,0,0.567067981,74.65449977,13.55650234,78.81706238,0.235156357,0.55179307
424,521.0910034,1,0.744230986,107.7066168,13.44207096,117.3817902,0.205792308,1.004583356
425,318.5889893,0,0.651313007,70.4519511,12.20632267,102.8597717,0.279049993,2.622950863
426,2.503530025,0,3.050699949,77.24448091,11.75827122,98.6015625,0.265100002,0
427,386.0190125,1,0.631727993,70.91957776,11.84110546,98.54779053,0.284018934,3.672963963
428,483.3420105,1,0.737295985,95.19577363,20.94982529,111.2369614,0.18756859,0.385993
429,1660.349976,0,0.394973993,84.44794338,18.25432014,91.02165604,0.217119798,0
430,164.427002,1,0.551849008,45.00953573,10.38561344,135.8637695,0.251821041,3.222028732
431,901.0419922,1,0.537150979,56.18680262,12.51579666,136.8854828,0.232631385,2.342581613
432,1442.869995,0,0.547680974,18.36258706,10.99387264,27.23358917,0.236990988,3.081909935
433,18.30310059,0,1.083109975,8.306398121,13.40899181,8.295223236,0.261900008,0
434,178.8150024,0,0.439841986,13.65729971,11.9329586,11.37416458,0.264522225,0
435,5.199590206,0,2.259370089,34.50063924,15.92715836,12.77734375,0.282499999,3.218875825
436,5.22755003,0,2.14538002,36.5444326,15.36479092,14.03710938,0.307700008,0
437,133.5809937,1,0.652076006,73.18371025,10.16435051,41.00653076,0.272543758,0
438,16.6739006,0,1.336760044,59.0447095,28.77612114,70.86083984,0.397924989,0
439,4.752960205,0,2.188129902,37.74509543,15.35067081,68.57519531,0.309899986,0
440,47.49710083,0,0.927217007,40.92676927,7.987635612,45.23787439,0.351441681,6.72882798
441,6.421889782,0,2.206660032,33.62155568,8.241690636,44.57763672,0.352649987,6.523562306
442,1025.829956,1,0.558422029,55.87621722,15.35800362,121.2990494,0.242047384,0.909035578
443,627.3029785,0,0.483693004,79.5743952,8.206960678,85.10652542,0.257162601,2.786102415
444,164.2550049,1,0.585489988,87.63107987,11.95377827,79.84505844,0.260434151,3.379001638
445,15.99289989,0,1.237089992,85.20732761,15.49823666,124.8879395,0.131700009,0
446,388.0209961,0,0.445602,79.53361613,16.4017067,131.0589752,0.171359777,0
447,894.3129883,0,0.412012994,79.54277017,16.0508976,74.67338371,0.227168187,0
448,216.0570068,0,0.636152029,52.73781977,7.408481121,29.05943108,0.241314292,1.630640133
449,51.93859863,0,0.940397024,70.16319213,7.824531555,27.90207672,0.242009088,2.032921509
450,441.7789917,0,0.380881995,62.79344883,11.44731522,30.64535141,0.250771999,2.211565707
451,441.7789917,0,1.207649946,62.79344883,12.19523048,34.75927734,0.248416662,2.302585093
452,145.0180054,0,0.45460701,51.81147679,12.06356525,37.31427288,0.24087368,2.072840883
453,252.9179993,0,0.481844008,52.29235801,12.36885452,38.4260788,0.245110169,1.903876777
454,62.94960022,0,0.642444015,15.21681228,13.99673271,41.56549931,0.254607141,0
455,7870.120117,1,0.355540991,73.13482836,18.68635178,77.49894714,0.241547361,0.155271385
456,611.8150024,0,0.491690993,41.91832657,13.01619148,13.01109314,0.22280933,1.057790292
457,852.3540039,0,0.387888998,81.89581258,11.78802299,17.84098053,0.210965559,0.263814595
458,906.5609741,0,0.372144997,116.0910955,9.596312523,20.74122429,0.235278532,1.198478282
459,124.2399979,0,0.953952014,87.88926034,7.821856976,22.90436172,0.217973337,0.676340048
460,262.473999,0,0.516040027,105.139246,12.24347973,14.56105042,0.222527415,0.909818224
461,747.6409912,0,0.376502007,106.2003234,9.003660202,10.22040176,0.215149194,0
462,25.1154995,0,1.352710009,68.55319009,26.0717411,4.690944672,0.323080003,0
463,47.34870148,0,1.392089963,68.15995336,19.50805473,7.70917511,0.223046154,0
464,NA,NA,NA,NA,NA,NA,NA,NA
465,13.35130024,0,1.390859962,44.63428405,14.79831314,8.495552063,0.238700002,1.20397278
466,NA,NA,NA,NA,NA,NA,NA,NA
467,347.506012,0,0.334080994,18.99497693,11.41635513,16.78291512,0.254875869,0.954626897
468,440.2520142,0,0.636231005,29.84306824,12.84275341,69.92614555,0.238416672,0
469,799.3670044,1,0.524089992,42.82211733,11.59501076,130.6230392,0.242428496,3.775722803
470,16.6718998,0,1.162619948,44.09951721,16.21322632,120.7419891,0.238199994,0
471,10.3512001,0,2.490780115,55.72322054,11.83712101,102.1585274,0.178800002,0
472,4.758210182,0,2.344599962,54.35571068,12.25171185,100.8652344,0.161899999,0
473,48.42879868,0,1.429550052,31.21265055,12.09339523,130.5019531,0.219709083,0
474,7.226830006,0,2.982120037,42.93217489,9.745695114,127.2592773,0.146750003,0
475,3.434429884,0,3.149310112,18.37774236,17.48264122,123.2919922,0.291700006,0
476,16.79940033,0,1.322890043,74.83912117,14.05052567,108.9846191,0.162849993,0
477,20.13929939,0,1.34552002,60.21507206,13.07461548,101.3619156,0.183579996,0
478,NA,NA,NA,NA,NA,NA,NA,NA
479,53.89799881,0,0.689037025,31.29422345,12.97401047,66.640625,0.228660002,0
480,77.47869873,0,1.057209969,43.93622526,7.368467331,45.20842636,0.3064619,1.540445058
481,128.651001,0,0.543784022,49.2616296,6.700152397,42.32791805,0.304166675,1.572396627
482,6944.5,1,0.396205992,32.95839227,14.21707916,114.8375854,0.267595053,3.634825431
483,14.02649975,0,1.935850024,44.64126711,16.35515785,120.1523438,0.280399978,1.658228077
484,76.83049774,0,0.802039981,97.63133105,9.819044113,60.66123581,0.278763145,0
485,NA,NA,NA,NA,NA,NA,NA,NA
486,28.62660027,0,1.415629983,48.20784996,7.24198103,47.43001303,0.310516655,1.642227704
487,4494.919922,0,0.431876004,114.3029965,15.04412174,74.56178093,0.228921145,0
488,4494.919922,0,0.431876004,114.3029965,15.04412174,74.56178093,0.228921145,0
489,3113.659912,0,0.374799997,75.58708481,12.96061039,34.09253311,0.2053992,0.00662693
490,642.4749756,0,0.363536,68.72812783,13.5399971,53.12373829,0.206588313,0
491,329.427002,0,0.494553,70.85597098,15.67301178,49.11589336,0.216272295,0
492,219.9579926,0,0.516771019,76.85867876,16.16714096,41.76663971,0.207707837,0
493,19.03479958,0,1.39933002,80.81806749,7.586215973,27.0216465,0.201016665,0
494,347.0700073,0,0.566510975,67.26268743,9.291912079,21.87341881,0.20549643,0.305381656
495,142.5249939,0,0.537539005,65.4400229,8.095374107,21.50756836,0.21378611,2.319114426
496,9.744290352,0,1.724189997,44.49855623,13.90985394,52.50162745,0.266366661,3.135494216
497,1499.650024,0,0.407494009,42.64129731,14.36908722,52.42934799,0.259232074,2.91944491
498,70.50579834,0,0.585023999,59.04201771,12.60003376,1.421188354,0.272049993,0
499,1342.430054,0,0.534693003,77.79016718,16.40106392,115.5495071,0.175138786,0
500,NA,NA,NA,NA,NA,NA,NA,NA
501,6.862199783,0,1.980440021,46.46029208,13.60765648,118.9238281,0.183600008,0
502,67.24610138,0,0.976702988,65.06505414,16.85848999,103.6662865,0.222133338,0
503,NA,NA,NA,NA,NA,NA,NA,NA
504,NA,NA,NA,NA,NA,NA,NA,NA
505,2617.080078,0,0.567174017,42.69492968,10.42161274,93.10309982,0.295780599,6.494203607
506,2.416559935,0,3.442159891,55.14243161,16.94680595,74.52539063,0.301499993,0
507,721.4520264,0,0.555270016,102.1880866,13.17918968,58.33300781,0.261620462,0
508,54.42449951,1,0.840659976,65.49185113,16.87395096,119.8656082,0.315553844,0
509,1143.930054,1,0.59781301,128.6455362,17.67848587,113.4620743,0.133722141,0
510,53.19829941,0,1.568179965,74.24779824,12.28619289,116.1354599,0.153485715,0
511,NA,NA,NA,NA,NA,NA,NA,NA
512,88.94380188,0,0.671442986,155.1979348,11.186903,89.55839157,0.176541671,0
513,1668.75,0,0.498340994,102.2473065,11.50107765,101.0431023,0.115013249,0
514,27.9409008,0,1.474050045,83.82988398,9.571063995,111.8748398,0.100149997,0
515,52.77249908,0,1.249529958,104.9057237,9.074339867,110.3427734,0.097769231,0
516,NA,NA,NA,NA,NA,NA,NA,NA
517,66.59889984,0,1.119719982,99.94308365,10.60939026,108.4098778,0.168978572,0
518,229.4570007,0,1.064820051,88.12864146,9.460886002,107.6170883,0.104155935,0
519,37.14519882,0,1.025239944,113.2278039,19.94297791,104.8098145,0.127100006,0
520,36.6711998,0,0.981814027,126.2568459,13.52438927,105.3496094,0.110133335,0
521,4.77779007,0,2.676949978,138.9854282,11.93184376,98.96386719,0.123099998,0
522,31.16580009,0,1.001379967,136.2880989,20.75023651,97.73074722,0.137257144,0
523,45.54499817,0,0.882162988,129.5803872,12.50819492,92.97443008,0.149399996,0
524,NA,NA,NA,NA,NA,NA,NA,NA
525,19.38400078,0,1.49605,121.237281,12.96850109,91.25244141,0.153375,0
526,92.76260376,0,0.902850986,112.9116609,15.36290169,90.14189911,0.153830439,0
527,NA,NA,NA,NA,NA,NA,NA,NA
528,644.5170288,0,0.60135299,5.200928641,8.119699478,36.16702938,0.260389298,0.791882029
529,573.6640015,0,0.756381989,17.47783431,7.880721569,48.46591437,0.298009634,0.270874963
530,412.0549927,0,0.639586985,50.57018588,8.146774292,36.45813465,0.297652006,1.238374245
531,4024.030029,1,0.454385012,49.59009925,10.11270428,26.31809235,0.305315822,6.017941515
532,4.475049973,0,3.354640007,7.537413499,8.675459862,34.86035156,0.315299988,0
533,1.593189955,0,3.330749989,42.34432046,7.15155077,50.47558594,0.348100007,3.970291914
534,2296.050049,1,0.398514003,56.43278854,9.175721169,25.0564537,0.286554396,3.402991096
535,2037.01001,1,0.460720003,41.93665705,12.38314724,22.97231293,0.319206625,0.106362021
536,515.3099976,0,0.653836012,38.60135932,7.39739275,42.09272099,0.339622319,4.351468299
537,304.144989,0,0.868457019,29.36641157,8.093340874,38.65418816,0.354686111,0.105360516
538,3594.26001,1,0.508255005,51.58947308,12.55072594,38.27702045,0.417741984,2.924120763
539,1048.439941,0,0.597939014,31.71233491,7.116538525,38.89504433,0.339600772,2.890371758
540,1032.52002,0,0.428366989,27.37747108,10.55672455,17.72018433,0.234944806,0
541,5.539830208,0,2.584880114,12.67070028,12.46865082,11.21289063,0.255600005,0
542,542.1030273,0,0.454010993,93.3718834,12.18006134,17.95995903,0.199316666,0
543,40.79899979,0,1.023810029,109.2344016,10.78049755,19.27453613,0.206512496,0
544,2426.98999,0,0.48318699,72.5007952,9.826638222,28.05902672,0.15822719,0
545,71.57019806,0,1.225039959,102.4192896,18.65066528,16.90289116,0.199233338,0
546,NA,NA,NA,NA,NA,NA,NA,NA
547,10.10029984,0,2.298540115,108.5295532,22.99541664,15.42377281,0.172133341,0
548,NA,NA,NA,NA,NA,NA,NA,NA
549,11.99810028,0,1.512959957,114.9257292,19.74734497,17.38432884,0.132925004,0
550,6.103700161,0,2.628469944,110.8203725,22.89200211,15.09853172,0.159400001,0
551,1654.930054,0,0.574096024,87.97533481,12.88546085,28.43775749,0.143377587,0
552,3880.939941,0,0.425783008,48.36929803,12.54671192,58.70749187,0.206683978,0
553,53.75889969,0,0.901863992,23.8953078,14.53708839,57.26269531,0.25247857,0
554,NA,NA,NA,NA,NA,NA,NA,NA
555,9568.259766,1,0.420545995,81.43690822,14.74203777,70.11974335,0.172028139,0
556,11.36880016,0,2.046969891,44.89453734,13.88792896,80.74804688,0.212066665,0
557,0.895163,0,5.669909954,44.66706944,13.27404594,81.31152344,0.205300003,0
558,NA,NA,NA,NA,NA,NA,NA,NA
559,50.42570114,0,1.130730033,28.27396213,16.02552414,56.78304005,0.287441671,0
560,1421.800049,0,0.641053975,13.19877876,12.18836784,44.65525103,0.246691376,0.248116482
561,1042.150024,0,0.426414013,29.56906322,10.85178947,16.77197838,0.24105382,0.102947972
562,112.7919998,0,1.05321002,62.58700349,8.756699562,37.71451855,0.135192588,0
563,NA,NA,NA,NA,NA,NA,NA,NA
564,4.71130991,0,3.498219967,67.39950862,10.58773136,28.34375,0.177200004,0
565,541.9000244,0,0.461396992,93.19671964,11.65370274,32.56981659,0.16659762,0
566,858.7420044,0,0.520466983,72.61943968,12.07662582,39.65281773,0.162646115,0
567,82.02529907,0,0.97339201,52.51679981,11.06196117,96.70898438,0.171857893,0
568,128.3860016,0,1.02252996,53.6774698,11.19363403,98.13072586,0.17527242,0
569,116.9680023,0,0.803488016,41.8359767,7.59333849,35.25188065,0.266185194,1.021651252
570,156.3179932,0,0.824204981,49.34735151,6.637441158,42.13057232,0.292797059,0
571,74.85769653,0,0.898159027,27.61985537,8.586378098,43.34885478,0.291350007,0
572,829.052002,0,0.467720985,75.10790889,10.9597702,45.91733718,0.147589058,0
573,43.91989899,0,1.401229978,79.51105567,11.0643301,46.37970525,0.148027271,0
574,21.63750076,0,2.135390043,50.50650764,11.55582905,97.28574371,0.186279997,0
575,729.6920166,0,0.860976994,56.62027555,14.14648914,98.93939972,0.199497625,0
576,NA,NA,NA,NA,NA,NA,NA,NA
577,NA,NA,NA,NA,NA,NA,NA,NA
578,395.4440002,0,0.78253001,41.23841959,12.61935139,92.15501022,0.200780004,0
579,11.07919979,0,2.337110043,124.6929212,12.69912338,92.5480957,0.149250001,0
580,2.089220047,0,4.670360088,120.9690277,14.96900368,91.578125,0.151500002,0
581,6.358379841,0,2.206850052,120.4768459,13.80544949,92.41894531,0.149000004,0
582,37.76869965,0,1.119719982,92.04293898,19.27017975,93.96805191,0.175614282,0
583,14.53979969,0,1.951290011,140.9872476,17.96676064,94.5271492,0.144199997,0
584,32.70349884,0,1.074769974,107.093986,15.43897247,95.953125,0.137050003,0
585,171.5679932,0,1.187719941,113.7026116,16.92980766,93.78087234,0.132172734,0
586,3.699599981,0,3.086689949,108.5800364,14.12162495,90.10498047,0.129900008,0
587,2.305949926,0,3.35055995,114.709217,17.84699059,88.89648438,0.131399989,0
588,13.05189991,0,1.948930025,90.51471341,12.73022938,90.96972656,0.118233331,0
589,9.305569649,0,2.419670105,122.2652658,19.05113792,87.64648438,0.131399989,0
590,NA,NA,NA,NA,NA,NA,NA,NA
591,NA,NA,NA,NA,NA,NA,NA,NA
592,NA,NA,NA,NA,NA,NA,NA,NA
593,1.038519979,0,4.191209793,80.21165175,11.63189411,91.20800781,0.1074,0
594,2.480259895,0,2.981699944,88.45357253,11.17405224,89.92382813,0.112899996,0
595,1.603809953,0,3.821860075,89.59544358,10.41005802,89.84667969,0.112199999,0
596,2.635669947,0,2.695450068,87.98235777,9.890901566,89.77539063,0.108900003,0
597,5.222690105,0,2.037590027,89.66757038,13.32829475,89.34570313,0.116400003,0
598,NA,NA,NA,NA,NA,NA,NA,NA
599,1.937729955,0,3.252219915,108.9332797,40.48934555,84.43359375,0.134000003,0
600,10.56960011,0,2.247309923,103.5730115,15.36286831,88.31022263,0.132100001,0
601,27.43350029,0,1.832839966,93.54947373,12.46128464,88.62011719,0.117662497,0
602,7.247580051,0,2.956229925,109.6754421,13.65220642,97.17089844,0.118799999,0
603,NA,NA,NA,NA,NA,NA,NA,NA
604,NA,NA,NA,NA,NA,NA,NA,NA
605,NA,NA,NA,NA,NA,NA,NA,NA
606,29.27370071,0,1.217650056,115.0249596,27.5013752,84.32063675,0.128399998,0
607,9.399209976,0,2.128669977,81.47144825,9.982050896,82.2613945,0.134733334,0
608,15.94209957,0,1.190610051,120.1630129,15.28164101,87.20068359,0.156300008,0
609,80.12860107,0,0.975440979,106.3476352,21.63648224,75.29653358,0.190884992,0
610,NA,NA,NA,NA,NA,NA,NA,NA
611,NA,NA,NA,NA,NA,NA,NA,NA
612,NA,NA,NA,NA,NA,NA,NA,NA
613,52.85490036,0,0.936598003,44.87516974,15.8999052,87.52974701,0.26985383,0
614,169.8699951,0,0.772149026,40.9951182,15.03998947,91.30231094,0.243361369,0
615,17.00359917,0,1.360479951,44.89645534,17.69125366,87.08105469,0.275600016,0
616,4.901219845,0,2.703530073,54.27150381,17.08251572,86.54492188,0.258300006,0
617,63.65230179,0,1.189429998,48.82818221,13.88311958,93.38100052,0.21657142,0
618,NA,NA,NA,NA,NA,NA,NA,NA
619,NA,NA,NA,NA,NA,NA,NA,NA
620,1.975530028,0,5.127329826,50.39402537,10.24159241,103.0185547,0.163699999,0
621,10.95969963,0,2.146150112,111.6141504,17.49858665,79.39160156,0.142100006,0
622,2.176090002,0,3.860610008,118.8870723,15.19264126,85.99658203,0.159000009,0
623,0.647893012,0,6.482029915,117.7871714,14.76189423,85.07519531,0.160600007,0
624,NA,NA,NA,NA,NA,NA,NA,NA
625,3.117660046,0,2.486269951,115.2858353,16.21701813,85.72949219,0.157600001,0
626,15.02519989,0,2.098439932,107.0545478,17.15951347,82.58837891,0.163249999,0
627,7.66685009,0,1.870759964,99.99291783,15.31270027,81.04882813,0.167199999,0
628,NA,NA,NA,NA,NA,NA,NA,NA
629,9.978850365,0,2.72142005,100.3740629,17.97670937,81.7578125,0.164199993,0
630,2.176919937,0,3.673549891,96.48992533,18.73690224,81.69921875,0.151199996,0
631,NA,NA,NA,NA,NA,NA,NA,NA
632,551.1500244,0,0.720520973,37.02047939,7.497667313,37.19705296,0.283687979,0
633,3286.469971,0,0.481739014,43.43873191,7.809428692,25.01368141,0.255256325,0.784388631
634,84.1309967,0,0.65388298,35.66009306,8.926527023,44.54186487,0.356173903,3.653477536
635,1778.829956,1,0.295368999,5.429654263,14.56850243,61.66780376,0.519582212,3.754368932
636,10.44439983,0,1.825580001,11.04807773,12.16766644,54.97216797,0.45389998,1.609437912
637,233.8179932,0,0.799498022,12.4493373,8.180856705,43.57561636,0.375244826,0.066691374
638,994.1030273,0,0.583387971,29.17898208,8.314861298,48.80733764,0.374738574,3.669502035
639,82.86979675,0,0.876397014,27.80886526,9.347066879,51.14116764,0.402061105,3.521446472
640,4.282529831,0,2.398299932,27.75514498,7.25313282,45.78125,0.367500007,3.433987204
641,555.0999756,0,0.375508994,103.2502508,9.957460403,24.79936981,0.192543074,0
642,NA,NA,NA,NA,NA,NA,NA,NA
643,597.4910278,0,0.365738004,72.74188629,16.35788918,10.22512817,0.210386619,0
644,1383.920044,0,0.322126001,66.55341354,12.42463589,25.70536995,0.134597942,0
645,451.6010132,0,0.406518012,37.86329053,10.53359318,14.59828568,0.228050455,0
646,237.7870026,1,0.360307992,109.6452091,9.014125824,75.38889885,0.248626664,0
647,1034.829956,1,0.462936014,103.1145095,11.18311691,69.69352531,0.282940328,2.315153974
648,456.0419922,1,0.541500986,71.31187781,14.71375179,112.5192642,0.304858565,3.03113418
649,364.3349915,1,0.585090995,78.80833042,12.67589283,120.6214142,0.330097795,2.876230767
650,14.22239971,1,1.162829995,79.13172439,10.61716938,118.2076187,0.334080011,0
651,22.6310997,1,1.113219976,78.79908875,11.06853008,118.633461,0.347050011,0
652,196.7330017,0,0.558426976,57.77126882,5.790763378,1.164409637,0.214877546,0.412244792
653,3223.280029,0,0.390069008,22.73773937,9.890052795,20.62294579,0.228851736,2.561677014
654,14.04290009,0,2.074440002,31.34254526,16.37930679,8.541698456,0.278666675,0
655,27.58510017,0,1.506719947,82.34359167,14.92153549,48.06347656,0.206149995,0
656,69.02140045,0,1.123110056,134.3681192,13.45642948,86.02903748,0.197986662,0
657,34.0237999,0,1.032009959,47.84519729,16.61565781,14.05775833,0.240600005,0
658,498.0299988,0,0.4366,50.91492324,12.20755386,10.73171616,0.208854839,2.105313607
659,6.646240234,0,1.661599994,52.28509875,11.16191959,12.71566391,0.180099994,1.609437912
660,225.1089935,0,0.422715008,30.08712697,9.088498116,14.5112915,0.237783641,2.160183287
661,27.71629906,0,1.207430005,92.2556622,14.04114532,12.53850555,0.21714285,1.904237473
662,106.310997,0,0.580262005,104.265062,17.74687576,58.10238266,0.169039994,0
663,268.3070068,0,0.696348011,94.08714401,21.55694771,72.54059792,0.212819055,0
664,303.6029968,0,0.522109985,100.1210244,18.02791595,78.53564453,0.156805411,0
665,33.31110001,0,0.849170029,97.99738999,13.44532299,87.33565903,0.169471428,0
666,99.646698,0,0.889048994,108.5551668,15.90754604,87.32954788,0.160099998,0
667,21.20919991,0,1.338389993,82.26731236,10.72154808,89.54801559,0.158616662,0
668,33.34130096,0,0.982048988,-39.26903089,12.92359734,47.22033691,0.300825,0
669,20.95159912,0,1.484439969,-32.50958861,11.30042934,49.8370769,0.300449997,0
670,NA,NA,NA,NA,NA,NA,NA,NA
671,10.91030025,0,2.361850023,33.60026391,15.40291595,8.887832642,0.314049989,0
672,NA,NA,NA,NA,NA,NA,NA,NA
