FID,Join_Count,TARGET_FID,Field1,X_1,X,Bandnumb,Orig_col,Br_col,Season,Breeder,Result,Success,Area,Type,Sex,Cohort,Age,Br_exp,Device,Notes,Hatching_d,fitval,diff_succe,BQI,BQI_A,season_yr,season_1,lat,lon,POINTID,GRID_CODE
0,1,0,1,596,650,31840,CROZ,CROZ,2016,1,CR1?,1,M,KA,U,2008,8,2, , ,NA,0.437415662716000,0.562584337284000,0.32017562946211,0.368657371026000,2016,1617,-77.452286000000001,169.233297999999990,33246,-0.040063150000000
1,1,1,2,607,662,31884,CROZ,CROZ,2017,1,CR2?,1,M,KA,U,2008,9,1, , ,NA,0.625319252180000,0.374680747820000,-0.146112727412597,-0.071713659522300,2017,1718,-77.453011000000004,169.231520999999990,29880,0.030724760000000
2,1,2,3,629,685,31948,CROZ,CROZ,2017,1,CR2?,1,M,KA,F,2008,9,1, , ,NA,0.625319252180000,0.374680747820000,-0.182671598206249,0.003112517135700,2017,1718,-77.452744999999993,169.232251999999990,30903,-0.023063360000000
3,1,3,4,645,702,31977,CROZ,CROZ,2017,1,CR,1,M,KA,M,2008,9,3, , ,NA,0.667547921491000,0.332452078509000,0.162800288518532,0.187036258517000,2017,1718,-77.452973999999998,169.233216000000000,30374,-0.000198440000000
4,1,4,5,651,709,31979,CROZ,CROZ,2016,1,CR1,1,M,KA,M,2008,8,1, , ,NA,0.392555091841000,0.607444908159000,0.0606772219783264,0.151805169675000,2016,1617,-77.452799999999996,169.233036000000000,30901,0.042436650000000
5,1,5,6,668,728,32019,CROZ,CROZ,2016,1,CR2,1,M,KA,M,2008,8,1, , ,NA,0.392555091841000,0.607444908159000,-0.0968242545270014,0.020553939254100,2016,1617,-77.452738999999994,169.233854000000010,31182,-0.018589600000000
6,1,6,7,690,751,32087,CROZ,CROZ,2015,1,CR1?,1,M,KA,M,2008,7,0, , ,NA,0.125497969851000,0.874502030149000,-0.101826620486188,0.142255542173000,2015,1516,-77.451885000000004,169.233045000000000,34803,-0.085761750000000
7,1,7,8,703,765,32107,CROZ,CROZ,2016,1,CR8?,1,L,KA,F,2008,8,1, , ,NA,0.392555091841000,0.607444908159000,-0.0968242545270014,0.020553939254100,2016,1617,-77.453335999999993,169.239575000000000,29831,-0.050764850000000
8,1,8,9,714,776,32124,CROZ,CROZ,2016,1,CR2,1,M,KA,F,2008,8,1, , ,NA,0.392555091841000,0.607444908159000,0.0455118153046644,0.139167330780000,2016,1617,-77.451936000000003,169.231711999999990,34363,-0.000562220000000
9,1,9,10,724,787,32159,CROZ,CROZ,2017,1,FAIL,0,M,KA,F,2008,9,2, , ,NA,0.667547921491000,-0.667547921491000,0.0149611486624416,-0.098790363029800,2017,1718,-77.452706000000006,169.233607000000010,31248,-0.012507890000000
10,1,10,11,732,796,32189,CROZ,CROZ,2016,1,FAIL,0,M,KA,M,2008,8,0, , ,NA,0.239845226561000,-0.239845226561000,-0.133452306410283,-0.168916613127000,2016,1617,-77.452330000000003,169.233139999999990,32953,0.026096080000000
11,1,11,12,740,804,32204,CROZ,CROZ,2017,1,CR1?,1,M,KA,F,2008,9,2, , ,NA,0.667547921491000,0.332452078509000,0.214961148662442,0.234542970304000,2017,1718,-77.452209999999994,169.232267000000010,33343,-0.016884050000000
12,1,12,13,748,813,32221,CROZ,CROZ,2016,1,FAIL,0,M,KA,F,2008,8,1, , ,NA,0.392555091841000,-0.392555091841000,-0.160867612195812,-0.207205108125000,2016,1617,-77.452217000000005,169.232717000000010,33427,-0.017442500000000
13,1,13,14,759,824,32248,CROZ,CROZ,2016,1,FAIL,0,M,KA,F,2008,8,1, , ,NA,0.392555091841000,-0.392555091841000,-0.160867612195812,-0.207205108125000,2016,1617,-77.452443000000002,169.234387000000000,32562,-0.047822370000000
14,1,14,15,791,859,32348,CROZ,CROZ,2016,1,CR1?,1,M,KA,M,2008,8,2, , ,NA,0.437415662716000,0.562584337284000,0.282843478765533,0.329466955185000,2016,1617,-77.452611000000005,169.229637999999990,30970,0.019839180000000
15,1,15,16,795,863,32355,CROZ,CROZ,2015,1,FAIL?,0,M,KA,F,2008,7,2, , ,NA,0.261247650784000,-0.261247650784000,0.194562951535135,0.080610300955200,2015,1516,-77.452521000000004,169.234496000000010,32049,-0.031954180000000
16,1,16,17,827,899,32426,CROZ,CROZ,2017,1,CR2?,1,M,KA,M,2008,9,2, , ,NA,0.667547921491000,0.332452078509000,0.138647016629898,0.166333454041000,2017,1718,-77.452264999999997,169.234860000000000,33496,-0.047285010000000
17,1,17,18,845,918,32462,CROZ,CROZ,2017,1,CR2?,1,M,KA,F,2008,9,2, , ,NA,0.667547921491000,0.332452078509000,0.192794891875235,0.216071089648000,2017,1718,-77.452268000000004,169.230599000000010,32752,0.037539500000000
18,1,18,19,882,959,32565,CROZ,CROZ,2016,1,CR,1,M,KA,U,2008,8,4, , ,NA,0.437415662716000,0.562584337284000,0.43140495087433,0.453268181943000,2016,1617,-77.452258000000000,169.233268000000010,33246,-0.040063150000000
19,1,19,20,1854,2001,41336,CROZ,CROZ,2016,1,CR1?,1,C,KA,F,1997,19,12, , ,NA,0.205787569077000,0.794212430923000,-0.0206315321162434,0.033691398753100,2016,1617,-77.452911000000000,169.226338000000000,29319,0.031903500000000
20,1,20,21,2471,2630,41854,CROZ,CROZ,2017,1,CR2?,1,M,KA,F,1997,20,13, , ,NA,0.219553369988000,0.780446630012000,0.123679856183073,0.160166899174000,2017,1718,-77.453119000000001,169.233295000000000,29864,-0.022407300000000
21,1,21,22,2812,2991,42317,CROZ,CROZ,2017,1,FAIL,0,M,KA,M,1998,19,12, , ,NA,0.345370788776000,-0.345370788776000,0.0889565115292895,0.061811055260200,2017,1718,-77.452428999999995,169.231789999999990,31954,0.008319610000000
22,1,22,23,3441,3654,43318,CROZ,CROZ,2016,1,CR8,1,L,KA,M,1999,17,8, , ,NA,0.399399048077000,0.600600951923000,0.0130287763930591,0.052200254761700,2016,1617,-77.453445000000002,169.238189000000010,29195,-0.102703870000000
23,1,23,24,3820,4043,43522,CROZ,CROZ,2017,1,FAIL,0,M,KA,M,1999,18,8, , ,NA,0.470648735788000,-0.470648735788000,0.142715870845555,0.098904113228900,2017,1718,-77.453006000000002,169.233398999999990,30213,-0.028374440000000
24,1,24,25,3888,4114,43575,CROZ,CROZ,2017,1,CR1?,1,M,KA,F,1999,18,10, , ,NA,0.470648735788000,0.529351264212000,-0.0289731977085072,0.005922081161550,2017,1718,-77.452904000000004,169.233307999999990,30704,-0.005926070000000
25,1,25,26,4014,4242,43655,CROZ,CROZ,2017,1,CR2?,1,M,KA,F,1999,18,10, , ,NA,0.470648735788000,0.529351264212000,-0.019673393421054,0.019542653552800,2017,1718,-77.453120999999996,169.233752000000010,30035,-0.013558140000000
26,1,26,27,4195,4427,43757,CROZ,CROZ,2016,1,CR2?,1,M,KA,F,1999,17,8, , ,NA,0.399399048077000,0.600600951923000,-0.00123383533148757,0.041754363758100,2016,1617,-77.452674000000002,169.234737000000000,31553,-0.035549550000000
27,1,27,28,4367,4602,43907,CROZ,CROZ,2017,1,CR2,1,M,KA,U,1999,18,8, , ,NA,0.470648735788000,0.529351264212000,-0.0772436880258783,-0.033915477151700,2017,1718,-77.452900999999997,169.234048000000000,30754,0.012356650000000
28,1,28,29,4900,5164,44352,CROZ,CROZ,2017,1,CR1,1,M,KA,F,2000,17,11, , ,NA,0.575196852112000,0.424803147888000,-0.0244679432791942,0.005483462798620,2017,1718,-77.453084000000004,169.232295999999990,29634,-0.001771860000000
29,1,29,30,4980,5252,44403,CROZ,CROZ,2016,1,FAIL,0,M,KA,F,2000,16,5, , ,NA,0.479261968392000,-0.479261968392000,-0.155557915368566,-0.178679633442000,2016,1617,-77.453023999999999,169.232589999999990,30048,0.001739780000000
30,1,30,31,5019,5296,44436,CROZ,CROZ,2016,1,UNK,0,M,KA,M,2000,16,10, , ,NA,0.479261968392000,-0.479261968392000,0.0984361963492523,0.057172041724900,2016,1617,-77.452477000000002,169.230543000000010,31861,-0.017472650000000
31,1,31,32,5138,5421,44554,CROZ,CROZ,2017,1,CR8?,1,N,KA,F,2000,17,8, , ,NA,0.575196852112000,0.424803147888000,0.250642651052506,0.264039612348000,2017,1718,-77.451840000000004,169.221460000000010,33103,-0.009674570000000
32,1,32,33,5332,5630,44739,CROZ,CROZ,2017,1,CR1?,1,M,KA,F,2000,17,11, , ,NA,0.575196852112000,0.424803147888000,0.0571720417249126,0.081680782135800,2017,1718,-77.452470000000005,169.230940000000000,31856,-0.024126260000000
33,1,33,34,5590,5901,44953,CROZ,CROZ,2017,1,FAIL,0,E,KA,M,2000,17,8, , ,NA,0.575196852112000,-0.575196852112000,-0.00540150943746169,-0.049231920412400,2017,1718,-77.455078999999998,169.235829999999990,23994,-0.001564870000000
34,1,34,35,5887,6220,45179,CROZ,CROZ,2016,1,FAIL,0,L,KA,M,2000,16,9, , ,NA,0.479261968392000,-0.479261968392000,0.130889891368753,0.083955132925700,2016,1617,-77.454549000000000,169.236214999999990,25699,0.018853810000000
35,1,35,36,6010,6348,45903,CROZ,CROZ,2017,1,CR2?,1,L,KA,M,2004,13,7, , ,NA,0.747494668511000,0.252505331489000,-0.159982695709992,-0.118733892990000,2017,1718,-77.454035000000005,169.237668000000010,27510,-0.010286550000000
36,1,36,37,6058,6398,45967,CROZ,CROZ,2016,1,FAIL,0,HK,KA,U,2004,12,2, , ,NA,0.592147580314000,-0.592147580314000,-0.0496104836343566,-0.140033333081000,2016,1617,-77.455325999999999,169.246018999999990,24486,-0.096154360000000
37,1,37,38,6071,6411,45981,CROZ,CROZ,2017,1,CR1,1,L,KA,M,2004,13,6, , ,NA,0.747494668511000,0.252505331489000,-0.048871584598881,-0.018733892990100,2017,1718,-77.453658000000004,169.235186000000000,28233,-0.040932880000000
38,1,38,39,6081,6421,45983,CROZ,CROZ,2016,1,CR1,1,M,KA,F,2004,12,2, , ,NA,0.592147580314000,0.407852419686000,-0.118169671346911,-0.065567462243700,2016,1617,-77.452759000000000,169.231466000000010,30762,0.005034080000000
39,1,39,40,6088,6428,45989,CROZ,CROZ,2016,1,CR2?,1,T,KA,M,2004,12,5, , ,NA,0.592147580314000,0.407852419686000,0.157832140764142,0.193549323467000,2016,1617,-77.457567999999995,169.241629999999990,10174,0.040162680000000
40,1,40,41,6189,6533,46084,CROZ,CROZ,2016,1,CR2?,1,P,KA,F,2001,15,7, , ,NA,0.537912190388000,0.462087809612000,0.00815435594612254,0.043072313920400,2016,1617,-77.455685000000003,169.223615999999990,19315,-0.008237940000000
41,1,41,42,6202,6546,46085,CROZ,CROZ,2016,1,FAIL,0,C,KA,M,2001,15,10, , ,NA,0.537912190388000,-0.537912190388000,-0.010039099523152,-0.050644721897400,2016,1617,-77.452860999999999,169.224238000000010,29229,0.041778480000000
42,1,42,43,6292,6642,46133,CROZ,CROZ,2017,1,CR2,1,M,KA,F,2002,15,7, , ,NA,0.703286339346000,0.296713660654000,-0.182097597488548,-0.145265962247000,2017,1718,-77.452341000000004,169.229529000000010,32348,0.013181020000000
43,1,43,44,6304,6654,46135,CROZ,CROZ,2016,1,CR2,1,HK,KA,M,2002,14,6, , ,NA,0.575048067859000,0.424951932141000,0.0158697877027912,0.049959966406000,2016,1617,-77.456292000000005,169.240455999999990,19774,0.073700870000000
44,1,44,45,6396,6753,46210,CROZ,CROZ,2017,1,CR2?,1,N,KA,M,2002,15,7, , ,NA,0.703286339346000,0.296713660654000,0.0240465516106426,0.046768810697600,2017,1718,-77.452000999999996,169.225445000000010,33084,-0.016556650000000
45,1,45,46,6449,6811,46226,CROZ,CROZ,2017,1,CR2?,1,P,KA,M,2002,15,3, , ,NA,0.703286339346000,0.296713660654000,-0.324459820799545,-0.262342472654000,2017,1718,-77.454931999999999,169.231820000000000,24125,-0.034512390000000
46,1,46,47,6468,6832,46234,CROZ,CROZ,2016,1,CR2,1,M,KA,U,2002,14,10, , ,NA,0.575048067859000,0.424951932141000,0.399079717999686,0.401235735845000,2016,1617,-77.452612000000002,169.233946000000000,31742,-0.015699410000000
47,1,47,48,6491,6860,46249,CROZ,CROZ,2017,1,CR1,1,M,KA,M,2002,15,8, , ,NA,0.703286339346000,0.296713660654000,0.183963718088512,0.192636790594000,2017,1718,-77.453147000000001,169.232018000000010,29304,-0.038739270000000
48,1,48,49,6523,6896,46279,CROZ,CROZ,2017,1,FAIL,0,M,KA,F,2002,15,9, , ,NA,0.703286339346000,-0.703286339346000,0.351979661890213,0.264040828454000,2017,1718,-77.452730000000003,169.234133000000010,31180,-0.012777560000000
49,1,49,50,6579,6954,46311,CROZ,CROZ,2017,1,CR2,1,M,KA,F,2002,15,6, , ,NA,0.703286339346000,0.296713660654000,0.0210854607415619,0.042287629965600,2017,1718,-77.452927000000003,169.233336000000010,30456,-0.008134920000000
50,1,50,51,6595,6970,46318,CROZ,CROZ,2014,1,CR2?,1,P,KA,F,2002,12,4, , ,NA,0.581168928236000,0.418831071764000,-0.00831001379725013,0.039150106820700,2014,1415,-77.454926000000000,169.233118999999990,24118,-0.004294400000000
51,1,51,52,6617,6993,46324,CROZ,CROZ,2017,1,CR2?,1,M,KA,M,2002,15,10, , ,NA,0.703286339346000,0.296713660654000,-0.0154309308218818,0.008580191599340,2017,1718,-77.452040999999994,169.232160999999990,34052,-0.016017430000000
52,1,52,53,6634,7011,46334,CROZ,CROZ,2016,1,CR1,1,M,KA,F,2002,14,4, , ,NA,0.575048067859000,0.424951932141000,-0.14637482745486,-0.098764264155200,2016,1617,-77.452787000000001,169.231123000000000,30715,0.006636840000000
53,1,53,54,6645,7022,46335,CROZ,CROZ,2015,1,FAIL,0,M,KA,M,2002,13,4, , ,NA,0.467329913973000,-0.467329913973000,-0.0612403129118773,-0.098157549372000,2015,1516,-77.453076999999993,169.230351000000010,29493,0.003787410000000
54,1,54,55,6708,7092,46404,CROZ,CROZ,2016,1,FAIL,0,M,KA,M,2002,14,6, , ,NA,0.575048067859000,-0.575048067859000,-0.142319220174626,-0.178379957482000,2016,1617,-77.452640000000002,169.233465999999990,31471,-0.004154240000000
55,1,55,56,6728,7113,46408,CROZ,CROZ,2017,1,CR2,1,M,KA,M,2002,15,6, , ,NA,0.703286339346000,0.296713660654000,-0.228914539258438,-0.188481600804000,2017,1718,-77.452799999999996,169.234272000000000,31016,-0.033354850000000
56,1,56,57,6752,7142,46435,CROZ,CROZ,2016,1,FAIL,0,L,KA,M,2002,14,4, , ,NA,0.575048067859000,-0.575048067859000,-0.0649474257985821,-0.111320211440000,2016,1617,-77.454419000000001,169.236278000000000,26078,0.013208070000000
57,1,57,58,6822,7219,46478,CROZ,CROZ,2017,1,CR1,1,M,KA,M,2002,15,4, , ,NA,0.703286339346000,0.296713660654000,-0.0312302684066817,-0.003901607651620,2017,1718,-77.452822999999995,169.234506000000010,30953,-0.038196170000000
58,1,58,59,6882,7285,46514,CROZ,CROZ,2016,1,FAIL,0,M,KA,M,2002,14,9, , ,NA,0.575048067859000,-0.575048067859000,0.264892160934462,0.188533958317000,2016,1617,-77.452644000000006,169.233915000000000,31563,-0.009150930000000
59,1,59,60,6916,7322,46536,CROZ,CROZ,2015,1,CR1?,1,M,KA,U,2002,13,5, , ,NA,0.467329913973000,0.532670086027000,-0.185929151651647,-0.114069227884000,2015,1516,-77.452923999999996,169.235772000000000,30836,-0.016236170000000
60,1,60,61,6939,7347,46555,CROZ,CROZ,2017,1,CR2?,1,M,KA,F,2002,15,8, , ,NA,0.703286339346000,0.296713660654000,0.279443049225954,0.280882266845000,2017,1718,-77.452691000000002,169.233154000000010,31069,0.041058090000000
61,1,61,62,6993,7409,46599,CROZ,CROZ,2017,1,CR1?,1,M,KA,U,2002,15,7, , ,NA,0.703286339346000,0.296713660654000,0.0144584149762809,0.037979685449400,2017,1718,-77.452770999999998,169.234563000000010,31113,-0.039416150000000
62,1,62,63,7043,7462,46639,CROZ,CROZ,2015,1,CR8,1,N,KA,U,2002,13,4, , ,NA,0.467329913973000,0.532670086027000,0.0715600543277667,0.137432915999000,2015,1516,-77.451176000000004,169.223223999999990,35723,-0.006274340000000
63,1,63,64,7056,7475,46640,CROZ,CROZ,2016,1,CR8,1,M,KA,F,2002,14,8, , ,NA,0.575048067859000,0.424951932141000,0.126352445272413,0.151235735845000,2016,1617,-77.453238999999996,169.228703000000000,28455,-0.016767230000000
64,1,64,65,7068,7488,46641,CROZ,CROZ,2017,1,FAIL,0,M,KA,M,2002,15,4, , ,NA,0.703286339346000,-0.703286339346000,-0.0708509974339881,-0.123553942593000,2017,1718,-77.453571999999994,169.228620000000010,27867,-0.039174970000000
65,1,65,66,7076,7497,46645,CROZ,CROZ,2016,1,CR8,1,E,KA,M,2002,14,3, , ,NA,0.575048067859000,0.424951932141000,-0.198127242785343,-0.120242345920000,2016,1617,-77.454908000000003,169.239958000000000,25221,-0.010945500000000
66,1,66,67,7123,7548,46678,CROZ,CROZ,2017,1,CR2?,1,M,KA,F,2002,15,7, , ,NA,0.703286339346000,0.296713660654000,-0.0841933144104096,-0.052451066488400,2017,1718,-77.452916999999999,169.232260999999990,30595,0.019734290000000
67,1,67,68,7135,7561,46680,CROZ,CROZ,2016,1,CR2?,1,M,KA,M,2002,14,5, , ,NA,0.575048067859000,0.424951932141000,0.0158697877027912,0.049959966406000,2016,1617,-77.452921000000003,169.231585000000000,30377,-0.003374050000000
68,1,68,69,7205,7640,46746,CROZ,CROZ,2017,1,CR1?,1,P,KA,U,2002,15,8, , ,NA,0.703286339346000,0.296713660654000,-0.165256159097452,-0.129720019117000,2017,1718,-77.455366999999995,169.228012000000010,21545,0.000738770000000
69,1,69,70,7255,7695,46777,CROZ,CROZ,2017,1,CR2?,1,M,KA,M,2002,15,10, , ,NA,0.703286339346000,0.296713660654000,0.234569069178118,0.239349422369000,2017,1718,-77.452307000000005,169.229706999999990,32416,0.012644870000000
70,1,70,71,7306,7751,46813,CROZ,CROZ,2016,1,FAIL,0,M,KA,F,2002,14,6, , ,NA,0.575048067859000,-0.575048067859000,-0.309820531028209,-0.331922825764000,2016,1617,-77.452523999999997,169.235054999999990,32405,-0.048455910000000
71,1,71,72,7330,7777,46821,CROZ,CROZ,2016,1,FAIL,0,M,KA,F,2002,14,7, , ,NA,0.575048067859000,-0.575048067859000,-0.246885585984897,-0.276718538883000,2016,1617,-77.453165999999996,169.234996999999990,29936,-0.081593570000000
72,0,72,73,7369,7818,46856,CROZ,CROZ,2016,1,CR1,1,L,KA,M,2002,14,4, , ,NA,0.575048067859000,0.424951932141000,-0.265715431386417,-0.202927489248000,2016,1617,-77.453771000000003,169.236608999999990,0,0.000000000000000
73,1,73,74,7444,7898,46907,CROZ,CROZ,2017,1,CR1,1,M,KA,F,2002,15,4, , ,NA,0.703286339346000,0.296713660654000,-0.104589497760788,-0.075924986445400,2017,1718,-77.452924999999993,169.235971000000010,30883,-0.018316770000000
74,1,74,75,7668,8140,47062,CROZ,CROZ,2016,1,CR1,1,L,KA,M,2002,14,7, , ,NA,0.575048067859000,0.424951932141000,0.144724923517245,0.168077174236000,2016,1617,-77.454559000000003,169.238069999999990,26074,-0.009072650000000
75,1,75,76,7721,8198,47092,CROZ,CROZ,2016,1,FAIL,0,M,KA,M,2002,14,8, , ,NA,0.575048067859000,-0.575048067859000,0.035443354363322,-0.015430930821900,2016,1617,-77.452404000000001,169.234343999999990,32742,-0.050735940000000
76,1,76,77,7737,8215,47096,CROZ,CROZ,2014,1,CR1,1,M,KA,U,2002,12,2, , ,NA,0.581168928236000,0.418831071764000,-0.202515397804614,-0.124847089109000,2014,1415,-77.452014000000005,169.231081999999990,33985,0.006908350000000
77,1,77,78,7784,8264,47226,CROZ,CROZ,2017,1,FAIL,0,M,KA,M,2003,14,10, , ,NA,0.733711135864000,-0.733711135864000,0.0497324594787246,-0.015554506799800,2017,1718,-77.453342000000006,169.229257999999990,28395,0.021136080000000
78,1,78,79,7871,8355,47367,CROZ,CROZ,2017,1,CR1,1,M,KA,F,2003,14,5, , ,NA,0.733711135864000,0.266288864136000,-0.124754538719691,-0.092167588481700,2017,1718,-77.452600000000004,169.231891999999990,31317,0.009878930000000
79,0,79,80,7965,8454,47515,CROZ,CROZ,2017,1,CR1?,1,M,KA,M,2003,14,7, , ,NA,0.733711135864000,0.266288864136000,0.169025066998136,0.177130383426000,2017,1718,-77.453213000000005,169.234568999999990,0,0.000000000000000
80,1,80,81,8006,8498,47594,CROZ,CROZ,2016,1,CR8?,1,M,KA,M,2003,13,10, , ,NA,0.592482788026000,0.407517211974000,0.296442524938045,0.306540223759000,2016,1617,-77.453091000000001,169.234440000000010,29940,-0.011786150000000
81,1,81,82,8042,8535,47679,CROZ,CROZ,2016,1,FAIL,0,L,KA,F,2003,13,6, , ,NA,0.592482788026000,-0.592482788026000,0.222018286210961,0.147972734008000,2016,1617,-77.454787999999994,169.236757000000010,25164,-0.002988480000000
82,1,82,83,8081,8580,47764,CROZ,CROZ,2017,1,CR2?,1,M,KA,M,2003,14,7, , ,NA,0.733711135864000,0.266288864136000,0.188073019107984,0.195183550474000,2017,1718,-77.453722999999997,169.229094000000000,27384,-0.051866450000000
83,1,83,84,8142,8644,47867,CROZ,CROZ,2017,1,FAIL,0,M,KA,M,2003,14,8, , ,NA,0.733711135864000,-0.733711135864000,0.078115976089045,0.010463716759600,2017,1718,-77.452196999999998,169.228194000000000,32662,0.034843070000000
84,1,84,85,8184,8689,47953,CROZ,CROZ,2016,1,CR1,1,N,KA,M,2003,13,5, , ,NA,0.592482788026000,0.407517211974000,0.166462809570772,0.188376846153000,2016,1617,-77.452352000000005,169.227214000000000,31765,-0.009321030000000
85,1,85,86,8335,8849,48221,CROZ,CROZ,2017,1,CR2?,1,L,KA,F,2003,14,5, , ,NA,0.733711135864000,0.266288864136000,-0.299087144631065,-0.251972477234000,2017,1718,-77.454139999999995,169.240321999999990,27422,-0.009795470000000
86,1,86,87,8387,8903,48255,CROZ,CROZ,2014,1,CR1?,1,M,KA,M,2004,10,4, , ,NA,0.531920841190000,0.468079158810000,-0.000156112462754515,0.058373296446300,2014,1415,-77.452518999999995,169.231306999999990,31667,0.010691590000000
87,1,87,88,8434,8952,48326,CROZ,CROZ,2017,1,CR2?,1,M,KA,M,2004,13,6, , ,NA,0.747494668511000,0.252505331489000,-0.0441761577877245,-0.014508008860000,2017,1718,-77.453228999999993,169.231137999999990,28898,0.021670720000000
88,1,88,89,8466,8986,48379,CROZ,CROZ,2014,1,FAIL,0,M,KA,M,2004,10,3, , ,NA,0.531920841190000,-0.531920841190000,-0.115211338744718,-0.167300026550000,2014,1415,-77.453354000000004,169.234993000000000,29025,-0.042033860000000
89,1,89,90,8483,9003,48391,CROZ,CROZ,2017,1,FAIL,0,M,KA,F,2004,13,6, , ,NA,0.747494668511000,-0.747494668511000,0.0838632394040362,0.000727448612559,2017,1718,-77.451823000000005,169.230245999999990,34368,0.007476520000000
90,1,90,91,8514,9036,48431,CROZ,CROZ,2017,1,CR1,1,M,KA,M,2004,13,6, , ,NA,0.747494668511000,0.252505331489000,0.0838632394040362,0.100727448613000,2017,1718,-77.453068000000002,169.229963000000000,29308,0.007379620000000
91,1,91,92,8555,9079,48504,CROZ,CROZ,2017,1,CR2?,1,M,KA,M,2004,13,8, , ,NA,0.747494668511000,0.252505331489000,0.129951337166097,0.141092609377000,2017,1718,-77.451920000000001,169.230050000000010,34210,0.008818490000000
92,1,92,93,8638,9167,48643,CROZ,CROZ,2017,1,CR2?,1,B,KA,F,2004,13,4, , ,NA,0.747494668511000,0.252505331489000,0.0424961243466532,0.061587870450500,2017,1718,-77.451729000000000,169.227465999999990,34533,-0.040124510000000
93,1,93,94,8757,9294,48803,CROZ,CROZ,2017,1,CR2,1,C,KA,M,2004,13,4, , ,NA,0.747494668511000,0.252505331489000,-0.12324425141761,-0.085669293126900,2017,1718,-77.453997999999999,169.225401000000010,26037,0.036441070000000
94,1,94,95,8791,9328,48840,CROZ,CROZ,2017,1,CR1,1,B,KA,M,2004,13,3, , ,NA,0.747494668511000,0.252505331489000,-0.165389616897756,-0.118956844855000,2017,1718,-77.451623999999995,169.231491000000010,35445,-0.033335510000000
95,1,95,96,8809,9348,48877,CROZ,CROZ,2016,1,FAIL,0,M,KA,M,2005,11,3, , ,NA,0.575405394933000,-0.575405394933000,-0.00141166705116446,-0.073160883036400,2016,1617,-77.451947000000004,169.230449999999990,34366,-0.000957470000000
96,1,96,97,8818,9357,48878,CROZ,CROZ,2016,1,CR1?,1,M,KA,F,2005,11,3, , ,NA,0.575405394933000,0.424594605067000,-0.144268809908307,-0.073160883036400,2016,1617,-77.452298999999996,169.229590000000000,32347,0.013154430000000
97,1,97,98,8841,9380,48883,CROZ,CROZ,2017,1,CR1?,1,L,KA,F,2005,12,1, , ,NA,0.710739683183000,0.289260316817000,-0.262067941417681,-0.206935115594000,2017,1718,-77.454566999999997,169.236106000000010,25744,-0.026910080000000
98,1,98,99,8873,9413,48930,CROZ,CROZ,2017,1,CR1?,1,L,KA,M,2005,12,2, , ,NA,0.747232570073000,0.252767429927000,-0.0876036849433069,-0.049784672180000,2017,1718,-77.454487999999998,169.235598000000010,25830,-0.019993320000000
99,1,99,100,8933,9476,48978,CROZ,CROZ,2017,1,CR2,1,N,KA,U,2005,12,5, , ,NA,0.747232570073000,0.252767429927000,0.068338903240163,0.088830961760900,2017,1718,-77.452402000000006,169.227625999999990,31486,-0.010475200000000
100,1,100,101,8965,9508,49012,CROZ,CROZ,2017,1,CR1?,1,M,KA,M,2005,12,6, , ,NA,0.747232570073000,0.252767429927000,0.115350131248399,0.129091861116000,2017,1718,-77.453019999999995,169.232338000000000,29961,0.002132660000000
101,1,101,102,9093,9641,49229,CROZ,CROZ,2017,1,CR1?,1,N,KA,U,2005,12,2, , ,NA,0.747232570073000,0.252767429927000,-0.050854465478842,-0.000250816244575,2017,1718,-77.452299999999994,169.224317000000010,31342,0.005886250000000
102,1,102,103,9101,9649,49234,CROZ,CROZ,2016,1,CR8,1,M,KA,M,2005,11,4, , ,NA,0.575405394933000,0.424594605067000,-0.144268809908307,-0.073160883036400,2016,1617,-77.453073000000003,169.230375000000010,29492,0.002181350000000
103,1,103,104,9161,9710,49330,CROZ,CROZ,2017,1,FAIL,0,P,KA,F,2005,12,4, , ,NA,0.747232570073000,-0.747232570073000,0.0732524956222798,-0.017912511677200,2017,1718,-77.456224000000006,169.225865000000000,16195,-0.005623160000000
104,1,104,105,9185,9734,49347,CROZ,CROZ,2015,1,FAIL,0,M,KA,M,2005,10,2, , ,NA,0.417761007556000,-0.417761007556000,-0.061124964853872,-0.112072970954000,2015,1516,-77.453272999999996,169.229659000000000,28548,-0.033117210000000
105,1,105,106,9218,9767,49389,CROZ,CROZ,2016,1,CR1,1,M,KA,F,2005,11,4, , ,NA,0.575405394933000,0.424594605067000,0.103553849604603,0.139225044656000,2016,1617,-77.452690000000004,169.229689000000010,30813,-0.003734480000000
106,1,106,107,9237,9789,49415,CROZ,CROZ,2016,1,CR2,1,M,KA,F,2005,11,5, , ,NA,0.575405394933000,0.424594605067000,0.0929688879032013,0.129816189810000,2016,1617,-77.452841000000006,169.234760999999990,31010,-0.037680200000000
107,0,107,108,9246,9798,49420,CROZ,CROZ,2016,1,CR2,1,M,KA,M,2005,11,4, , ,NA,0.575405394933000,0.424594605067000,-0.146446150395397,-0.082997177566200,2016,1617,-77.453001000000000,169.231814000000010,0,0.000000000000000
108,1,108,109,9274,9826,49455,CROZ,CROZ,2017,1,CR1,1,L,KA,F,2005,12,7, , ,NA,0.747232570073000,0.252767429927000,-0.0924060324119265,-0.057888686178100,2017,1718,-77.454644999999999,169.236740999999990,25563,-0.002715540000000
109,1,109,110,9312,9866,49494,CROZ,CROZ,2016,1,FAIL,0,M,KA,M,2005,11,2, , ,NA,0.575405394933000,-0.575405394933000,-0.0923774560441484,-0.152755948405000,2016,1617,-77.453074999999998,169.235952999999990,30439,-0.020939480000000
110,1,110,111,9344,9901,49528,CROZ,CROZ,2017,1,CR1?,1,M,KA,F,2005,12,7, , ,NA,0.747232570073000,0.252767429927000,0.129816189810296,0.142111313822000,2017,1718,-77.453171999999995,169.232052000000010,29221,-0.028251940000000
111,1,111,112,9434,9996,49631,CROZ,CROZ,2015,1,CR1?,1,E,KA,F,2005,10,3, , ,NA,0.417761007556000,0.582238992444000,0.234646556366298,0.284302618663000,2015,1516,-77.455546999999996,169.241048000000010,22753,-0.013461910000000
112,1,112,113,9476,10039,49670,CROZ,CROZ,2016,1,FAIL,0,M,KA,F,2005,11,3, , ,NA,0.575405394933000,-0.575405394933000,-0.118635085883634,-0.175731374515000,2016,1617,-77.453117000000006,169.232969999999990,29626,-0.018268080000000
113,1,113,114,9555,10124,49768,CROZ,CROZ,2016,1,FAIL,0,L,KA,M,2005,11,3, , ,NA,0.575405394933000,-0.575405394933000,-0.265704299832114,-0.300115532621000,2016,1617,-77.453389000000001,169.239105999999990,29757,-0.035722770000000
114,1,114,115,9565,10134,49779,CROZ,CROZ,2017,1,CR1?,1,M,KA,F,2005,12,3, , ,NA,0.747232570073000,0.252767429927000,-0.0731608830363874,-0.036946626040500,2017,1718,-77.452605000000005,169.235477000000000,32151,-0.021749890000000
115,1,115,116,9584,10153,49818,CROZ,CROZ,2016,1,FAIL,0,M,KA,M,2005,11,1, , ,NA,0.529718062874000,-0.529718062874000,0.0213883237644027,-0.039845719195500,2016,1617,-77.452910000000003,169.236288000000000,30879,-0.023640340000000
116,1,116,117,9600,10171,49826,CROZ,CROZ,2015,1,FAIL,0,L,KA,F,2005,10,2, , ,NA,0.417761007556000,-0.417761007556000,-0.061124964853872,-0.112072970954000,2015,1516,-77.453541000000001,169.235111999999990,28484,-0.043298380000000
117,1,117,118,9625,10196,49842,CROZ,CROZ,2017,1,FAIL,0,M,KA,F,2005,12,3, , ,NA,0.747232570073000,-0.747232570073000,-0.145623728678051,-0.205784612818000,2017,1718,-77.452622000000005,169.231979999999990,31316,0.009946020000000
118,1,118,119,9646,10220,49865,CROZ,CROZ,2016,1,CR8?,1,M,KA,U,2006,10,2, , ,NA,0.543175693548000,0.456824306452000,0.0699590395021027,0.118317197871000,2016,1617,-77.452629000000002,169.235613000000000,31933,-0.018678420000000
119,1,119,120,9657,10231,49869,CROZ,CROZ,2017,1,CR8?,1,M,KA,F,2006,11,5, , ,NA,0.733996762914000,0.266003237086000,0.0990694711489907,0.117617667364000,2017,1718,-77.453095000000005,169.234348000000010,29941,-0.010912290000000
120,1,120,121,9774,10355,49954,CROZ,CROZ,2014,1,CR1,1,L,KA,F,2006,8,2, , ,NA,0.426307201625000,0.573692798375000,0.257819156223591,0.310464763249000,2014,1415,-77.454212999999996,169.241007999999990,27241,-0.028774070000000
121,1,121,122,9807,10389,49984,CROZ,CROZ,2016,1,FAIL,0,E,KA,M,2006,10,1, , ,NA,0.497051660317000,-0.497051660317000,-0.167386022801662,-0.214481113875000,2016,1617,-77.455590999999998,169.238058000000000,22366,0.039749330000000
122,1,122,123,9826,10408,49990,CROZ,CROZ,2017,1,CR2,1,B,KA,F,2006,11,5, , ,NA,0.733996762914000,0.266003237086000,-0.00668280212917116,0.023615646672500,2017,1718,-77.451763999999997,169.228803000000000,34756,0.001735300000000
123,1,123,124,9847,10432,50000,CROZ,CROZ,2016,1,CR1,1,M,KA,F,2006,10,0, , ,NA,0.325471915591000,0.674528084409000,-0.145430370573737,-0.042935563700900,2016,1617,-77.452012999999994,169.232094999999990,34121,-0.014695160000000
124,1,124,125,9895,10484,50029,CROZ,CROZ,2016,1,CR1,1,L,KA,M,2006,10,1, , ,NA,0.497051660317000,0.502948339683000,-0.164918083303175,-0.081434780429900,2016,1617,-77.453452999999996,169.237992999999990,29132,-0.098185550000000
125,1,125,126,9904,10493,50030,CROZ,CROZ,2017,1,CR2?,1,M,KA,M,2006,11,5, , ,NA,0.733996762914000,0.266003237086000,0.0990694711489907,0.117617667364000,2017,1718,-77.452807000000007,169.230685999999990,30598,0.014637650000000
126,1,126,127,9911,10500,50034,CROZ,CROZ,2016,1,CR1?,1,L,KA,M,2006,10,1, , ,NA,0.497051660317000,0.502948339683000,0.000420679159436664,0.072210344948600,2016,1617,-77.453245999999993,169.236683000000000,29690,-0.019068900000000
127,1,127,128,9968,10561,50100,CROZ,CROZ,2016,1,CR1,1,M,KA,F,2006,10,2, , ,NA,0.543175693548000,0.456824306452000,-0.0665417464328756,-0.001120989822280,2016,1617,-77.453318999999993,169.229870000000010,28661,-0.037475630000000
128,1,128,129,10027,10625,50171,CROZ,CROZ,2017,1,CR2,1,M,KA,U,2006,11,4, , ,NA,0.733996762914000,0.266003237086000,-0.0259305288510093,0.006506556253090,2017,1718,-77.452956000000000,169.233571000000010,30453,-0.014337700000000
129,1,129,130,10043,10641,50197,CROZ,CROZ,2017,1,CR2?,1,N,KA,M,2006,11,2, , ,NA,0.733996762914000,0.266003237086000,-0.119282911953285,-0.064242033519100,2017,1718,-77.452019000000007,169.224103000000010,32596,-0.011162690000000
130,1,130,131,10087,10688,50223,CROZ,CROZ,2016,1,FAIL,0,M,KA,F,2006,10,3, , ,NA,0.543175693548000,-0.543175693548000,0.0348076009534769,-0.037440310859200,2016,1617,-77.453036999999995,169.234649999999990,30286,-0.001811510000000
131,1,131,132,10103,10704,50229,CROZ,CROZ,2017,1,CR1,1,M,KA,F,2006,11,4, , ,NA,0.733996762914000,0.266003237086000,-0.137781509446862,-0.087308416130300,2017,1718,-77.452714999999998,169.231230000000010,30910,0.010048570000000
132,1,132,133,10160,10767,50292,CROZ,CROZ,2017,1,CR1?,1,P,KA,F,2006,11,3, , ,NA,0.733996762914000,0.266003237086000,-0.0782131186225799,-0.035186074159000,2017,1718,-77.454502000000005,169.230775999999990,25259,-0.008147810000000
133,1,133,134,10208,10819,50332,CROZ,CROZ,2017,1,FAIL,0,M,KA,F,2006,11,2, , ,NA,0.733996762914000,-0.733996762914000,-0.26802900682172,-0.326274976333000,2017,1718,-77.452826999999999,169.233337000000010,30845,0.003906260000000
134,1,134,135,10260,10878,50395,CROZ,CROZ,2017,1,CR1?,1,M,KA,F,2006,11,5, , ,NA,0.733996762914000,0.266003237086000,0.0990694711489907,0.117617667364000,2017,1718,-77.452614999999994,169.229558000000000,30971,0.020903600000000
135,1,135,136,10268,10887,50399,CROZ,CROZ,2016,1,CR1,1,M,KA,F,2006,10,2, , ,NA,0.543175693548000,0.456824306452000,-0.102558199258045,-0.032635386044300,2016,1617,-77.453066000000007,169.232091000000000,29706,0.001632280000000
136,1,136,137,10304,10925,50416,CROZ,CROZ,2017,1,CR2,1,M,KA,F,2006,11,4, , ,NA,0.733996762914000,0.266003237086000,0.224069471148991,0.228728778475000,2017,1718,-77.453074000000001,169.229615999999990,29226,0.028823110000000
137,1,137,138,10342,10965,50448,CROZ,CROZ,2017,1,CR2?,1,C,KA,F,2006,11,1, , ,NA,0.696369452396000,0.303630547604000,-0.210009009037741,-0.136631929517000,2017,1718,-77.452917999999997,169.223465000000000,28975,0.045669790000000
138,1,138,139,10371,10996,50494,CROZ,CROZ,2017,1,CR2,1,P,KA,M,2006,11,2, , ,NA,0.733996762914000,0.266003237086000,-0.0522693739673146,-0.006801858102580,2017,1718,-77.454592000000005,169.229811000000010,24728,-0.003615620000000
139,1,139,140,10418,11049,50538,CROZ,CROZ,2016,1,CR1,1,C,KA,F,2006,10,4, , ,NA,0.543175693548000,0.456824306452000,0.0348076009534769,0.087559689140800,2016,1617,-77.453496999999999,169.220059999999990,26983,0.062978860000000
140,1,140,141,10435,11068,50562,CROZ,CROZ,2016,1,CR2,1,M,KA,M,2006,10,1, , ,NA,0.497051660317000,0.502948339683000,-0.233038487315213,-0.141040133940000,2016,1617,-77.452752000000004,169.231279000000000,30855,0.008390450000000
141,1,141,142,10444,11077,50577,CROZ,CROZ,2017,1,CR2?,1,N,KA,M,2006,11,1, , ,NA,0.696369452396000,0.303630547604000,-0.234950344130648,-0.167627732664000,2017,1718,-77.451905999999994,169.222581999999990,32794,0.014068770000000
142,1,142,143,10502,11140,50625,CROZ,CROZ,2017,1,CR1,1,M,KA,F,2006,11,3, , ,NA,0.733996762914000,0.266003237086000,-0.00668280212917117,0.023615646672500,2017,1718,-77.453017000000003,169.230860000000010,29886,0.000094510000000
143,1,143,144,10551,11192,50696,CROZ,CROZ,2016,1,CR2?,1,M,KA,M,2006,10,4, , ,NA,0.543175693548000,0.456824306452000,0.212816182359246,0.243317197871000,2016,1617,-77.451943000000000,169.230308000000010,34208,0.008890850000000
144,1,144,145,10571,11212,50723,CROZ,CROZ,2016,1,CR8?,1,P,KA,U,2006,10,2, , ,NA,0.543175693548000,0.456824306452000,0.0492829684297651,0.130791236034000,2016,1617,-77.456053999999995,169.223875999999990,16210,-0.046314730000000
145,1,145,146,10603,11248,50761,CROZ,CROZ,2017,1,CR1?,1,M,KA,F,2006,11,5, , ,NA,0.733996762914000,0.266003237086000,0.349069471148991,0.339839889586000,2017,1718,-77.452758000000003,169.230223999999990,30665,-0.014759000000000
146,1,146,147,10624,11270,50774,CROZ,CROZ,2016,1,CR1?,1,M,KA,F,2006,10,3, , ,NA,0.543175693548000,0.456824306452000,-0.0830478057550693,-0.015563791729200,2016,1617,-77.452731999999997,169.232911000000000,31072,0.044972510000000
147,1,147,148,10675,11323,50842,CROZ,CROZ,2016,1,FAIL,0,M,KA,M,2006,10,0, , ,NA,0.325471915591000,-0.325471915591000,-0.168675408384345,-0.194808159586000,2016,1617,-77.452995999999999,169.231354000000010,29790,0.030924830000000
148,1,148,149,10740,11391,50898,CROZ,CROZ,2016,1,FAIL,0,B,KA,M,2007,9,2, , ,NA,0.496514881152000,-0.496514881152000,-0.19651171923789,-0.256512351621000,2016,1617,-77.451655000000002,169.231350999999990,35271,-0.035079720000000
149,1,149,150,10752,11403,50903,CROZ,CROZ,2017,1,CR2?,1,M,KA,M,2007,10,2, , ,NA,0.707689763337000,0.292310236663000,-0.00876667189218829,0.051448709818900,2017,1718,-77.452627000000007,169.234805999999990,31940,-0.033882030000000
150,1,150,151,10775,11426,50914,CROZ,CROZ,2017,1,CR2?,1,M,KA,M,2007,10,4, , ,NA,0.707689763337000,0.292310236663000,0.243693818987212,0.250639021512000,2017,1718,-77.452360999999996,169.235375000000000,33320,-0.035148410000000
151,1,151,152,10789,11442,50931,CROZ,CROZ,2017,1,CR2?,1,M,KA,M,2007,10,1, , ,NA,0.668024274353000,0.331975725647000,-0.203817415413395,-0.127275538119000,2017,1718,-77.453112000000004,169.234266999999990,29857,-0.024874390000000
152,1,152,153,10798,11451,50936,CROZ,CROZ,2017,1,CR2?,1,M,KA,M,2007,10,2, , ,NA,0.707689763337000,0.292310236663000,-0.0275566792978796,0.012426685197300,2017,1718,-77.452287999999996,169.235107000000000,33566,-0.055374580000000
153,1,153,154,10808,11461,50945,CROZ,CROZ,2017,1,CR1,1,M,KA,M,2007,10,3, , ,NA,0.707689763337000,0.292310236663000,0.0399255430252799,0.071473629730100,2017,1718,-77.452183000000005,169.233380000000010,33709,-0.028900530000000
154,1,154,155,10831,11486,50976,CROZ,CROZ,2017,1,CR1?,1,M,KA,M,2007,10,5, , ,NA,0.707689763337000,0.292310236663000,0.176874164082587,0.191303673155000,2017,1718,-77.453011000000004,169.236318000000010,30693,-0.030137770000000
155,1,155,156,10841,11497,50981,CROZ,CROZ,2016,1,CR1,1,B,KA,F,2007,9,1, , ,NA,0.450446168150000,0.549553831850000,-0.13324469575026,0.003315009769700,2016,1617,-77.451710000000006,169.230982000000010,35089,-0.018733480000000
156,1,156,157,10850,11507,50990,CROZ,CROZ,2016,1,FAIL,0,L,KA,M,2007,9,0, , ,NA,0.285812037458000,-0.285812037458000,-0.123741764489119,-0.146894660628000,2016,1617,-77.453655999999995,169.237958999999990,28473,-0.018797720000000
157,1,157,158,10856,11513,50992,CROZ,CROZ,2016,1,CR1,1,M,KA,M,2007,9,3, , ,NA,0.496514881152000,0.503485118848000,0.411259341593531,0.426630304469000,2016,1617,-77.452770000000001,169.234229000000000,31117,-0.044510190000000
158,1,158,159,10864,11521,50995,CROZ,CROZ,2017,1,FAIL?,0,M,KA,M,2007,10,4, , ,NA,0.707689763337000,-0.707689763337000,0.338793865320376,0.207983411738000,2017,1718,-77.452916000000002,169.235643000000010,30838,-0.016591640000000
159,1,159,160,10874,11532,50998,CROZ,CROZ,2017,1,FAIL?,0,M,KA,F,2007,10,3, , ,NA,0.707689763337000,-0.707689763337000,-0.0513684374518314,-0.133408603187000,2017,1718,-77.452875000000006,169.236481000000000,30995,-0.063385080000000
160,1,160,161,10890,11548,51001,CROZ,CROZ,2016,1,CR1?,1,M,KA,U,2007,9,4, , ,NA,0.496514881152000,0.503485118848000,-0.0536394570653287,0.016001114923800,2016,1617,-77.453062000000003,169.236178999999990,30436,-0.020017040000000
161,1,161,162,10931,11594,51052,CROZ,CROZ,2016,1,CR1?,1,M,KA,F,2007,9,1, , ,NA,0.450446168150000,0.549553831850000,-0.123741764489119,-0.027556679297900,2016,1617,-77.452929999999995,169.233134000000010,30530,-0.024681700000000
162,1,162,163,10939,11602,51053,CROZ,CROZ,2017,1,FAIL,0,M,KA,M,2007,10,3, , ,NA,0.707689763337000,-0.707689763337000,0.0586210750100549,-0.037167779783300,2017,1718,-77.452651000000003,169.236030000000000,32144,-0.032713880000000
163,1,163,164,10947,11610,51055,CROZ,CROZ,2017,1,CR1,1,M,KA,F,2007,10,4, , ,NA,0.707689763337000,0.292310236663000,0.195936722463233,0.207983411738000,2017,1718,-77.452520000000007,169.232101000000000,31951,-0.001833970000000
164,1,164,165,10963,11628,51069,CROZ,CROZ,2016,1,CR1,1,M,KA,F,2007,9,3, , ,NA,0.496514881152000,0.503485118848000,0.137785380966008,0.190028200663000,2016,1617,-77.453012000000001,169.233820000000010,30208,-0.041688480000000
165,1,165,166,10978,11643,51089,CROZ,CROZ,2016,1,FAIL,0,L,KA,F,2007,9,3, , ,NA,0.496514881152000,-0.496514881152000,0.32761514188117,0.209882281448000,2016,1617,-77.453586000000001,169.237673000000000,28578,-0.050011260000000
166,1,166,167,11024,11691,51144,CROZ,CROZ,2016,1,CR1?,1,M,KA,U,2007,9,0, , ,NA,0.285812037458000,0.714187962542000,-0.13324469575026,0.036241835908200,2016,1617,-77.452428999999995,169.236055999999990,32934,-0.022614550000000
167,1,167,168,11064,11732,51191,CROZ,CROZ,2014,1,FAIL,0,M,KA,F,2007,7,2, , ,NA,0.359009636641000,-0.359009636641000,-0.123732130434352,-0.170787631676000,2014,1415,-77.453038000000006,169.229638999999990,29412,0.022068520000000
168,1,168,169,11081,11750,51213,CROZ,CROZ,2017,1,CR8,1,M,KA,M,2007,10,4, , ,NA,0.707689763337000,0.292310236663000,0.209882281447822,0.220185775850000,2017,1718,-77.452968999999996,169.231451999999990,29963,0.030413840000000
169,1,169,170,11104,11774,51234,CROZ,CROZ,2016,1,CR8,1,M,KA,U,2007,9,4, , ,NA,0.496514881152000,0.503485118848000,0.105358704996538,0.162233906975000,2016,1617,-77.453100000000006,169.229875999999990,29309,0.030239680000000
170,1,170,171,11115,11785,51242,CROZ,CROZ,2017,1,FAIL,0,M,KA,M,2007,10,3, , ,NA,0.707689763337000,-0.707689763337000,-0.070290508862499,-0.149965415672000,2017,1718,-77.452879999999993,169.231416000000000,30463,0.016843900000000
171,1,171,172,11161,11832,51316,CROZ,CROZ,2017,1,CR2?,1,QR,KA,F,2007,10,4, , ,NA,0.707689763337000,0.292310236663000,0.0940208625914946,0.122347916030000,2017,1718,-77.456402999999995,169.237461000000000,17901,0.014556290000000
172,1,172,173,11177,11849,51326,CROZ,CROZ,2016,1,CR8,1,M,KA,F,2007,9,0, , ,NA,0.285812037458000,0.714187962542000,-0.130368946050815,0.010390538714600,2016,1617,-77.453755999999998,169.228563000000010,27271,-0.041776970000000
173,1,173,174,11195,11868,51348,CROZ,CROZ,2016,1,UNK,0,M,KA,M,2007,9,0, , ,NA,0.285812037458000,-0.285812037458000,-0.123741764489119,-0.146894660628000,2016,1617,-77.452723000000006,169.229952000000000,30810,-0.032769610000000
174,0,174,175,11210,11884,51373,CROZ,CROZ,2017,1,CR2?,1,EROO,KA,U,2007,10,0, , ,NA,0.495579870494000,0.504420129506000,-0.16161840431198,-0.028410697548400,2017,1718,-77.461546999999996,169.285455000000010,0,0.000000000000000
175,1,175,176,11240,11915,51416,CROZ,CROZ,2016,1,FAIL,0,M,KA,F,2007,9,2, , ,NA,0.496514881152000,-0.496514881152000,0.000746886519128254,-0.070290508862500,2016,1617,-77.453581999999997,169.229250000000010,27739,-0.053309160000000
176,1,176,177,11289,11967,51491,CROZ,CROZ,2017,1,CR8?,1,M,KA,U,2007,10,3, , ,NA,0.707689763337000,0.292310236663000,0.0997620491071904,0.127268933044000,2017,1718,-77.452590000000001,169.229321000000000,31137,0.020231350000000
177,1,177,178,11299,11977,51495,CROZ,CROZ,2016,1,FAIL?,0,M,KA,M,2007,9,2, , ,NA,0.496514881152000,-0.496514881152000,0.151143734370441,0.058621075010100,2016,1617,-77.452659999999995,169.234075999999990,31561,-0.019423950000000
178,1,178,179,11322,12002,51548,CROZ,CROZ,2017,1,CR2?,1,D,KA,M,2007,10,3, , ,NA,0.707689763337000,0.292310236663000,0.490000742739631,0.450462641524000,2017,1718,-77.460572999999997,169.228451000000010,701,0.019410110000000
179,1,179,180,11365,12049,51593,CROZ,CROZ,2016,1,CR1?,1,M,KA,M,2007,9,1, , ,NA,0.450446168150000,0.549553831850000,-0.123741764489119,-0.027556679297900,2016,1617,-77.452635999999998,169.234134000000010,31560,-0.023077290000000
180,1,180,181,11377,12063,51598,CROZ,CROZ,2017,1,CR2?,1,M,KA,F,2007,10,3, , ,NA,0.707689763337000,0.292310236663000,0.201478217867198,0.212832220217000,2017,1718,-77.452759999999998,169.232938999999990,31071,0.045516770000000
181,1,181,182,11387,12074,62004,CROZ,CROZ,2014,1,FAIL,0,L,KA,U,2007,7,2, , ,NA,0.359009636641000,-0.359009636641000,-0.123732130434352,-0.170787631676000,2014,1415,-77.453999999999994,169.237505000000000,27582,-0.013179880000000
182,1,182,183,11408,12095,62018,CROZ,CROZ,2016,1,CR2,1,M,KA,M,2007,9,3, , ,NA,0.496514881152000,0.503485118848000,0.283605070009977,0.315016505558000,2016,1617,-77.452358000000004,169.229814000000000,32073,0.027107240000000
183,1,183,184,11423,12110,62029,CROZ,CROZ,2016,1,CR1,1,M,KA,M,2007,9,3, , ,NA,0.496514881152000,0.503485118848000,0.32761514188117,0.352739424305000,2016,1617,-77.452342000000002,169.235529000000010,33409,-0.037309810000000
184,1,184,185,11443,12131,62043,CROZ,CROZ,2016,1,CR8?,1,M,KA,M,2007,9,3, , ,NA,0.496514881152000,0.503485118848000,0.216911359708011,0.264673652898000,2016,1617,-77.452625999999995,169.234212000000010,31739,-0.023638960000000
185,1,185,186,11482,12170,62089,CROZ,CROZ,2017,1,CR8,1,G,KA,F,2007,10,1, , ,NA,0.668024274353000,0.331975725647000,-0.198700648754231,-0.092565373874000,2017,1718,-77.457615000000004,169.247718999999990,11762,0.035836540000000
186,1,186,187,11497,12186,62103,CROZ,CROZ,2016,1,CR1?,1,M,KA,M,2007,9,1, , ,NA,0.450446168150000,0.549553831850000,-0.123741764489119,-0.027556679297900,2016,1617,-77.452573999999998,169.234996000000000,32155,-0.022224720000000
187,1,187,188,11504,12193,62106,CROZ,CROZ,2016,1,FAIL,0,M,KA,F,2007,9,1, , ,NA,0.450446168150000,-0.450446168150000,-0.0155229322962256,-0.077654823132500,2016,1617,-77.452316999999994,169.233256000000010,32952,0.022242350000000
188,1,188,189,11516,12207,62113,CROZ,CROZ,2017,1,CR1?,1,M,KA,F,2007,10,4, , ,NA,0.707689763337000,0.292310236663000,-0.0758320042664633,-0.029814224150200,2017,1718,-77.452372999999994,169.234649999999990,33054,-0.045987190000000
189,1,189,190,11523,12214,62116,CROZ,CROZ,2017,1,CR1?,1,M,KA,M,2007,10,2, , ,NA,0.707689763337000,0.292310236663000,-0.00128354515288517,0.040658423678000,2017,1718,-77.452280000000002,169.233110000000010,33248,-0.030181020000000
190,1,190,191,11531,12222,62117,CROZ,CROZ,2017,1,CR8?,1,M,KA,M,2007,10,2, , ,NA,0.707689763337000,0.292310236663000,-0.0513684374518314,-0.008408603187420,2017,1718,-77.452865000000003,169.232531999999990,30649,0.021120320000000
191,1,191,192,11556,12248,62146,CROZ,CROZ,2016,1,CR1,1,M,KA,F,2007,9,1, , ,NA,0.450446168150000,0.549553831850000,0.0429249021775481,0.115300463559000,2016,1617,-77.452489000000000,169.234228000000000,32409,-0.047348630000000
192,1,192,193,11564,12256,62153,CROZ,CROZ,2017,1,CR1?,1,E,KA,F,2007,10,3, , ,NA,0.707689763337000,0.292310236663000,0.176874164082587,0.191303673155000,2017,1718,-77.454440000000005,169.241750999999990,26747,-0.058318560000000
193,1,193,194,11573,12265,62155,CROZ,CROZ,2016,1,FAIL,0,M,KA,M,2007,9,1, , ,NA,0.450446168150000,-0.450446168150000,-0.143529288632533,-0.204912664536000,2016,1617,-77.452320999999998,169.234390999999990,33057,-0.038628790000000
194,1,194,195,11602,12294,62165,CROZ,CROZ,2016,1,CR1?,1,M,KA,M,2007,9,2, , ,NA,0.496514881152000,0.503485118848000,-0.0155229322962256,0.058621075010100,2016,1617,-77.451862000000006,169.233071999999990,34903,-0.146587860000000
195,1,195,196,11619,12313,62184,CROZ,CROZ,2017,1,CR2?,1,M,KA,U,2007,10,2, , ,NA,0.707689763337000,0.292310236663000,-0.25552628332622,-0.164220196661000,2017,1718,-77.452481000000006,169.235904000000000,32735,0.000286830000000
196,1,196,197,11649,12343,62204,CROZ,CROZ,2016,1,CR1,1,M,KA,M,2007,9,3, , ,NA,0.496514881152000,0.503485118848000,-0.216394929990023,-0.113554923013000,2016,1617,-77.452644000000006,169.236054000000000,32144,-0.032713880000000
197,1,197,198,11657,12351,62212,CROZ,CROZ,2017,1,FAIL,0,M,KA,M,2007,10,1, , ,NA,0.668024274353000,-0.668024274353000,-0.0637092641479537,-0.139248640424000,2017,1718,-77.452375000000004,169.234179000000010,33059,-0.046958260000000
198,1,198,199,11670,12365,62220,CROZ,CROZ,2017,1,CR2?,1,M,KA,M,2007,10,3, , ,NA,0.707689763337000,0.292310236663000,-0.0448288675803641,0.003333861597330,2017,1718,-77.452470000000005,169.234127000000000,32410,-0.082475260000000
199,1,199,200,11720,12416,62327,CROZ,CROZ,2017,1,CR1,1,M,KA,M,2008,9,0, , ,NA,0.448989183829000,0.551010816171000,-0.120661083199363,-0.024707954717900,2017,1718,-77.452993000000006,169.232435000000010,30135,-0.052654210000000
200,1,200,201,11729,12425,62335,CROZ,CROZ,2017,1,FAIL,0,M,KA,M,2008,9,2, , ,NA,0.667547921491000,-0.667547921491000,0.187220605920736,0.065110816290500,2017,1718,-77.452591999999996,169.233486000000000,31471,-0.004154240000000
201,1,201,202,11734,12430,62339,CROZ,CROZ,2016,1,CR1?,1,P,KA,M,2008,8,3, , ,NA,0.437415662716000,0.562584337284000,0.311653542613168,0.361839701547000,2016,1617,-77.455676999999994,169.222907999999990,19041,-0.012145900000000
202,1,202,203,11744,12441,62348,CROZ,CROZ,2017,1,CR2?,1,M,KA,M,2008,9,2, , ,NA,0.667547921491000,0.332452078509000,0.0205539392540697,0.065110816290500,2017,1718,-77.452285000000003,169.232546000000010,33255,-0.012309480000000
203,1,203,204,11881,12594,69244,CROZ,CROZ,2016,1,CR1?,1,M,KA,F,2009,7,1, , ,NA,0.327543633964000,0.672456366036000,-0.0778141409039952,0.072239960484000,2016,1617,-77.453024999999997,169.230353000000010,29644,0.006703060000000
204,1,204,205,11893,12606,69258,CROZ,CROZ,2017,1,CR1,1,M,KA,M,2009,8,1, , ,NA,0.568190335415000,0.431809664585000,0.0993236389862962,0.154737976586000,2017,1718,-77.453076999999993,169.229378000000000,29315,0.006818370000000
205,1,205,206,11912,12626,69286,CROZ,CROZ,2017,1,CR2?,1,M,KA,F,2009,8,3, , ,NA,0.612871596569000,0.387128403431000,-0.175647357343341,-0.081851397214300,2017,1718,-77.452844999999996,169.230218000000010,30467,0.015828710000000
206,1,206,207,11918,12632,69287,CROZ,CROZ,2017,1,CR1,1,M,KA,U,2009,8,2, , ,NA,0.612871596569000,0.387128403431000,0.0559612021398989,0.111155735688000,2017,1718,-77.453227999999996,169.231421000000010,28895,0.019936330000000
207,1,207,208,11922,12636,69298,CROZ,CROZ,2015,1,FAIL,0,M,KA,M,2009,6,1, , ,NA,0.175586446856000,-0.175586446856000,-0.072354636160224,-0.098162588834100,2015,1516,-77.452685000000002,169.228926000000000,30669,0.031904660000000
208,1,208,209,11944,12663,69359,CROZ,CROZ,2017,1,FAIL,0,P,KA,M,2009,8,0, , ,NA,0.391152080120000,-0.391152080120000,-0.0999845884307518,-0.158218086769000,2017,1718,-77.454986000000005,169.231539000000000,23817,-0.022174930000000
209,1,209,210,11945,12664,69361,CROZ,CROZ,2014,1,FAIL,0,C,KA,F,2009,5,0, , ,NA,0.103443451346000,-0.103443451346000,NA,-0.103443451346000,2014,1415,-77.452928999999997,169.224644000000010,29034,0.020238180000000
210,1,210,211,11953,12674,69374,CROZ,CROZ,2016,1,CR1?,1,L,KA,F,2009,7,0, , ,NA,0.192125241453000,0.807874758547000,-0.0778141409039952,0.099323638986300,2016,1617,-77.453181000000001,169.236719999999990,29927,-0.023349260000000
211,1,211,212,11958,12679,69380,CROZ,CROZ,2016,1,FAIL,0,M,KA,F,2009,7,1, , ,NA,0.327543633964000,-0.327543633964000,-0.0778141409039952,-0.127760039516000,2016,1617,-77.452900999999997,169.231433000000010,30463,0.016843900000000
212,1,212,213,11968,12690,69406,CROZ,CROZ,2016,1,CR1?,1,L,KA,M,2009,7,0, , ,NA,0.192125241453000,0.807874758547000,-0.0692710374234897,0.150015411569000,2016,1617,-77.454470000000001,169.236137000000010,25918,-0.023707710000000
213,1,213,214,11986,12708,69448,CROZ,CROZ,2016,1,CR1?,1,M,KA,U,2009,7,1, , ,NA,0.327543633964000,0.672456366036000,-0.0778141409039952,0.072239960484000,2016,1617,-77.452624000000000,169.229695999999990,31028,0.019118510000000
214,1,214,215,11997,12721,69482,CROZ,CROZ,2016,1,CR1?,1,M,KA,U,2009,7,1, , ,NA,0.327543633964000,0.672456366036000,-0.0981625888340918,0.055961202139900,2016,1617,-77.452843000000001,169.231459000000000,30711,0.005110760000000
215,1,215,216,12008,12733,69524,CROZ,CROZ,2016,1,FAIL,0,M,KA,F,2009,7,0, , ,NA,0.192125241453000,-0.192125241453000,-0.0860377074302875,-0.112559590936000,2016,1617,-77.452791000000005,169.231528999999990,30710,0.005522760000000
216,1,216,217,12013,12738,69529,CROZ,CROZ,2016,1,FAIL,0,M,KA,M,2009,7,0, , ,NA,0.192125241453000,-0.192125241453000,-0.0778141409039952,-0.100676361014000,2016,1617,-77.452978000000002,169.233224000000010,30374,-0.000198440000000
217,1,217,218,12020,12745,69545,CROZ,CROZ,2016,1,CR1?,1,M,KA,U,2009,7,1, , ,NA,0.327543633964000,0.672456366036000,-0.0981625888340918,0.055961202139900,2016,1617,-77.452734000000007,169.232210000000010,30959,-0.019699240000000
218,1,218,219,12034,12760,69555,CROZ,CROZ,2017,1,CR2?,1,M,KA,F,2009,8,3, , ,NA,0.612871596569000,0.387128403431000,0.0727497901501423,0.135625512806000,2017,1718,-77.452130999999994,169.231396999999990,33717,-0.058345230000000
219,1,219,220,12047,12773,69585,CROZ,CROZ,2017,1,CR1?,1,QR,KA,U,2009,8,1, , ,NA,0.568190335415000,0.431809664585000,-0.113153779304322,0.023087081667900,2017,1718,-77.456622999999993,169.240997999999990,17784,0.003192000000000
220,1,220,221,12058,12784,69609,CROZ,CROZ,2016,1,FAIL,0,M,KA,M,2009,7,2, , ,NA,0.369493925388000,-0.369493925388000,-0.0981625888340918,-0.152428856145000,2016,1617,-77.453153000000000,169.232080999999990,29303,-0.039627720000000
221,0,221,222,12087,12815,69692,CROZ,CROZ,2017,1,CR2?,1,C,KA,M,2009,8,0, , ,NA,0.391152080120000,0.608847919880000,-0.110726197314619,0.033188626124300,2017,1718,-77.453030999999996,169.225156000000000,0,0.000000000000000
222,1,222,223,12108,12838,69757,CROZ,CROZ,2016,1,FAIL,0,M,KA,M,2009,7,1, , ,NA,0.327543633964000,-0.327543633964000,-0.0860377074302875,-0.146414189064000,2016,1617,-77.453075999999996,169.233746999999990,30035,-0.013558140000000
223,1,223,224,12115,12845,69763,CROZ,CROZ,2016,1,UNK,0,HK,KA,U,2009,7,1, , ,NA,0.327543633964000,-0.327543633964000,0.40118194675959,0.158273419852000,2016,1617,-77.455236999999997,169.246348000000010,24801,-0.078346760000000
224,0,224,225,12127,12857,69785,CROZ,CROZ,2016,1,CR1,1,M,KA,F,2009,7,0, , ,NA,0.192125241453000,0.807874758547000,-0.0778141409039952,0.099323638986300,2016,1617,-77.453177999999994,169.230503000000000,0,0.000000000000000
225,1,225,226,12147,12877,69828,CROZ,CROZ,2017,1,CR1?,1,M,KA,M,2009,8,3, , ,NA,0.612871596569000,0.387128403431000,-0.15242885614491,-0.062502646215600,2017,1718,-77.452709999999996,169.233733000000000,31183,-0.016204160000000
226,1,226,227,12157,12888,69838,CROZ,CROZ,2016,1,FAIL?,0,M,KA,F,2009,7,0, , ,NA,0.192125241453000,-0.192125241453000,-0.0778141409039952,-0.100676361014000,2016,1617,-77.452555000000004,169.234432000000000,32050,-0.033242270000000
227,1,227,228,12162,12893,69847,CROZ,CROZ,2017,1,CR1?,1,M,KA,M,2009,8,1, , ,NA,0.568190335415000,0.431809664585000,-0.129920449311119,0.010512079162800,2017,1718,-77.453050000000005,169.232429999999990,29783,-0.001097440000000
228,1,228,229,12172,12903,69857,CROZ,CROZ,2017,1,FAIL,0,M,KA,M,2009,8,1, , ,NA,0.568190335415000,-0.568190335415000,0.10358581093625,-0.030769418334100,2017,1718,-77.453095000000005,169.233899000000010,30033,-0.006750740000000
229,1,229,230,12176,12908,69871,CROZ,CROZ,2014,1,CR8?,1,M,KA,U,2009,5,0, , ,NA,0.103443451346000,0.896556548654000,-0.0568102285675803,0.260978697173000,2014,1415,-77.453128000000007,169.232799000000000,29628,-0.017746190000000
230,1,230,231,12185,12917,69876,CROZ,CROZ,2017,1,CR1,1,M,KA,M,2009,8,1, , ,NA,0.568190335415000,0.431809664585000,-0.100676361013704,-0.011928690080600,2017,1718,-77.452867999999995,169.233374000000000,30844,0.027903130000000
231,1,231,232,12206,12938,69898,CROZ,CROZ,2016,1,FAIL,0,M,KA,F,2009,7,1, , ,NA,0.327543633964000,-0.327543633964000,-0.0778141409039952,-0.127760039516000,2016,1617,-77.453040000000001,169.235419000000010,30444,-0.031541030000000
232,1,232,233,12216,12948,69925,CROZ,CROZ,2017,1,CR1?,1,M,KA,U,2009,8,2, , ,NA,0.612871596569000,0.387128403431000,-0.127760039516024,-0.041945299024800,2017,1718,-77.453092999999996,169.234997999999990,30114,-0.025546710000000
233,1,233,234,12222,12955,69928,CROZ,CROZ,2017,1,CR1?,1,M,KA,U,2009,8,2, , ,NA,0.612871596569000,0.387128403431000,0.0559612021398989,0.111155735688000,2017,1718,-77.452556999999999,169.235322999999990,32251,-0.026638500000000
234,1,234,235,12228,12962,69936,CROZ,CROZ,2017,1,CR2,1,M,KA,F,2009,8,1, , ,NA,0.568190335415000,0.431809664585000,0.151837411165908,0.207831861850000,2017,1718,-77.453671000000000,169.229142000000000,27451,-0.051711340000000
235,1,235,236,12236,12970,69959,CROZ,CROZ,2017,1,CR2,1,M,KA,M,2009,8,0, , ,NA,0.391152080120000,0.608847919880000,-0.143158948293923,0.107510007764000,2017,1718,-77.452680999999998,169.234069000000010,31465,-0.019420700000000
236,1,236,237,12251,12987,69982,CROZ,CROZ,2016,1,FAIL,0,M,KA,M,2009,7,1, , ,NA,0.327543633964000,-0.327543633964000,-0.0860377074302875,-0.146414189064000,2016,1617,-77.452946999999995,169.236447000000000,30830,-0.054424780000000
237,1,237,238,12255,12991,70000,CROZ,CROZ,2015,1,FAIL?,0,E,KA,F,2009,6,0, , ,NA,0.094192655135300,-0.094192655135300,-0.0782934463353148,-0.083593182602000,2015,1516,-77.455100999999999,169.238303000000000,24269,0.008878240000000
238,1,238,239,12287,13027,70080,CROZ,CROZ,2016,1,FAIL,0,E,KA,F,2009,7,1, , ,NA,0.327543633964000,-0.327543633964000,-0.120087772535419,-0.161578944821000,2016,1617,-77.455179000000001,169.241367000000000,24375,0.074724570000000
239,1,239,240,12299,13041,70147,CROZ,CROZ,2017,1,CR8,1,E,KA,M,2009,8,4, , ,NA,0.612871596569000,0.387128403431000,-0.206273336347897,-0.087592988392100,2017,1718,-77.455433999999997,169.242140000000010,23357,0.016684380000000
240,1,240,241,12311,13055,70164,CROZ,CROZ,2016,1,FAIL,0,M,KA,F,2009,7,2, , ,NA,0.369493925388000,-0.369493925388000,0.401837411165908,0.247571143855000,2016,1617,-77.452899000000002,169.233521000000000,30453,-0.014337700000000
241,1,241,242,12316,13061,70189,CROZ,CROZ,2015,1,FAIL,0,L,KA,F,2009,6,2, , ,NA,0.203978218043000,-0.203978218043000,0.202999161093043,0.101254816309000,2015,1516,-77.453294999999997,169.237371000000000,29682,-0.031869300000000
242,1,242,243,12327,13073,70213,CROZ,CROZ,2016,1,CR2,1,M,KA,M,2010,6,0, , ,NA,0.146993476827000,0.853006523173000,-0.0703816958586927,0.237414377152000,2016,1617,-77.452828999999994,169.236054999999990,31057,-0.018267680000000
243,1,243,244,12332,13078,70220,CROZ,CROZ,2015,1,FAIL,0,M,KA,F,2010,5,0, , ,NA,0.067902471887500,-0.067902471887500,-0.0569833650930371,-0.060623067357900,2015,1516,-77.452565000000007,169.229346999999990,31136,0.020198100000000
244,1,244,245,12338,13084,70228,CROZ,CROZ,2017,1,FAIL,0,M,KA,M,2010,7,1, , ,NA,0.497935064229000,-0.497935064229000,0.12383136593857,-0.000521920094892,2017,1718,-77.452850999999995,169.235788000000010,31004,-0.015646370000000
245,1,245,246,12343,13089,70235,CROZ,CROZ,2017,1,CR2?,1,M,KA,F,2010,7,1, , ,NA,0.497935064229000,0.502064935771000,-0.110685585056265,0.011864519109200,2017,1718,-77.453117000000006,169.234767000000010,30025,-0.005808010000000
246,1,246,247,12352,13099,70256,CROZ,CROZ,2017,1,CR1?,1,N,KA,U,2010,7,0, , ,NA,0.326248183026000,0.673751816974000,-0.0703816958586927,0.177662808419000,2017,1718,-77.451777000000007,169.226369000000010,34080,-0.030130600000000
247,1,247,248,12363,13110,70262,CROZ,CROZ,2017,1,CR1?,1,E,KA,M,2010,7,2, , ,NA,0.544052397898000,0.455947602102000,-0.13387884328961,0.013577768058200,2017,1718,-77.454460999999995,169.241928000000000,26688,-0.062832380000000
248,1,248,249,12368,13116,70269,CROZ,CROZ,2017,1,CR2?,1,M,KA,F,2010,7,0, , ,NA,0.326248183026000,0.673751816974000,-0.0822156697252105,0.068977827614600,2017,1718,-77.452905999999999,169.235724000000000,30886,-0.015854750000000
249,1,249,250,12376,13124,70303,CROZ,CROZ,2017,1,CR1?,1,M,KA,M,2010,7,0, , ,NA,0.326248183026000,0.673751816974000,-0.0959189561815378,0.096498737107400,2017,1718,-77.452617000000004,169.235475000000010,32040,-0.018219070000000
250,1,250,251,12381,13130,70306,CROZ,CROZ,2017,1,CR1?,1,M,KA,M,2010,7,2, , ,NA,0.544052397898000,0.455947602102000,-0.110685585056265,0.002641052375310,2017,1718,-77.452979999999997,169.234913000000010,30698,-0.021566950000000
251,1,251,252,12390,13139,70313,CROZ,CROZ,2017,1,CR2?,1,L,KA,F,2010,7,0, , ,NA,0.326248183026000,0.673751816974000,-0.0822156697252105,0.068977827614600,2017,1718,-77.453434000000001,169.237799999999990,29134,-0.082834320000000
252,1,252,253,12404,13153,70333,CROZ,CROZ,2017,1,CR1?,1,M,KA,F,2010,7,3, , ,NA,0.544052397898000,0.455947602102000,-0.135467715499752,-0.017184651979500,2017,1718,-77.453145000000006,169.234282000000010,29857,-0.024874390000000
253,1,253,254,12406,13155,70344,CROZ,CROZ,2015,1,FAIL,0,M,KA,F,2010,5,0, , ,NA,0.067902471887500,-0.067902471887500,-0.0728609198298457,-0.070381695858700,2015,1516,-77.452533000000003,169.236636000000000,32637,-0.089771260000000
254,1,254,255,12415,13164,70349,CROZ,CROZ,2017,1,FAIL,0,M,KA,M,2010,7,0, , ,NA,0.326248183026000,-0.326248183026000,-0.0822156697252105,-0.131022172385000,2017,1718,-77.452926000000005,169.236168999999990,30939,-0.017181650000000
255,1,255,256,12420,13170,70354,CROZ,CROZ,2017,1,CR1?,1,M,KA,M,2010,7,0, , ,NA,0.326248183026000,0.673751816974000,-0.0822156697252105,0.068977827614600,2017,1718,-77.452841000000006,169.231319000000010,30596,0.005669230000000
256,1,256,257,12430,13181,70374,CROZ,CROZ,2017,1,CR1?,1,M,KA,F,2010,7,1, , ,NA,0.497935064229000,0.502064935771000,-0.0822156697252105,0.034640451374100,2017,1718,-77.452916000000002,169.234165999999990,30643,0.013425750000000
257,1,257,258,12444,13199,70399,CROZ,CROZ,2017,1,CR1?,1,P,KA,U,2010,7,0, , ,NA,0.326248183026000,0.673751816974000,-0.0703816958586927,0.177662808419000,2017,1718,-77.455533000000003,169.220862000000010,19332,-0.011633530000000
258,1,258,259,12456,13212,70437,CROZ,CROZ,2017,1,CR2?,1,L,KA,F,2010,7,0, , ,NA,0.326248183026000,0.673751816974000,-0.0703816958586927,0.177662808419000,2017,1718,-77.454060999999996,169.234322999999990,27032,-0.024562130000000
259,1,259,260,12461,13217,70439,CROZ,CROZ,2017,1,CR2,1,N,KA,F,2010,7,2, , ,NA,0.544052397898000,0.455947602102000,0.139314414943735,0.202641052375000,2017,1718,-77.452079999999995,169.227010000000010,33076,-0.000288440000000
260,1,260,261,12468,13224,70447,CROZ,CROZ,2017,1,CR2?,1,L,KA,M,2010,7,1, , ,NA,0.497935064229000,0.502064935771000,-0.0822156697252105,0.034640451374100,2017,1718,-77.453305000000000,169.239585000000010,29831,-0.050764850000000
261,1,261,262,12472,13228,70449,CROZ,CROZ,2016,1,CR1,1,B,KA,M,2010,6,0, , ,NA,0.146993476827000,0.853006523173000,-0.0606230673578713,0.167784330275000,2016,1617,-77.451751999999999,169.230590000000010,34866,-0.020968820000000
262,1,262,263,12481,13239,70456,CROZ,CROZ,2015,1,FAIL?,0,M,KA,F,2010,5,0, , ,NA,0.067902471887500,-0.067902471887500,-0.0569833650930371,-0.060623067357900,2015,1516,-77.452376999999998,169.234612000000000,33152,-0.035209020000000
263,1,263,264,12495,13255,70482,CROZ,CROZ,2017,1,FAIL,0,M,KA,M,2010,7,0, , ,NA,0.326248183026000,-0.326248183026000,-0.0822156697252105,-0.131022172385000,2017,1718,-77.453078000000005,169.234284000000000,30028,-0.023094250000000
264,1,264,265,12499,13259,70489,CROZ,CROZ,2017,1,CR2?,1,HK,KA,U,2010,7,1, , ,NA,0.497935064229000,0.502064935771000,0.20838671055416,0.281806266858000,2017,1718,-77.456155999999993,169.247111999999990,21574,-0.013596530000000
265,1,265,266,12504,13264,70500,CROZ,CROZ,2017,1,CR2?,1,M,KA,U,2010,7,1, , ,NA,0.497935064229000,0.502064935771000,-0.0822156697252105,0.034640451374100,2017,1718,-77.452978999999999,169.234581999999990,30526,-0.061082870000000
266,1,266,267,12514,13275,70512,CROZ,CROZ,2017,1,FAIL?,0,M,KA,M,2010,7,1, , ,NA,0.497935064229000,-0.497935064229000,-0.0959189561815378,-0.196422983193000,2017,1718,-77.452590000000001,169.234347000000010,31839,-0.029535700000000
267,1,267,268,12526,13288,70529,CROZ,CROZ,2017,1,CR2?,1,M,KA,U,2010,7,1, , ,NA,0.497935064229000,0.502064935771000,0.12383136593857,0.199478079905000,2017,1718,-77.453253000000004,169.231349999999990,28896,0.019854420000000
268,0,268,269,12529,13291,70537,CROZ,CROZ,2016,1,FAIL,0,B,KA,M,2010,6,0, , ,NA,0.146993476827000,-0.146993476827000,-0.0703816958586927,-0.095918956181500,2016,1617,-77.449971000000005,169.226817000000010,0,0.000000000000000
269,1,269,270,12534,13296,70544,CROZ,CROZ,2017,1,FAIL?,0,M,KA,F,2010,7,1, , ,NA,0.497935064229000,-0.497935064229000,0.16778433027479,0.034640451374100,2017,1718,-77.452905999999999,169.232403000000010,30593,0.020698360000000
270,1,270,271,12539,13301,70545,CROZ,CROZ,2017,1,CR2?,1,M,KA,M,2010,7,3, , ,NA,0.544052397898000,0.455947602102000,0.114532284500248,0.182815348021000,2017,1718,-77.452015000000003,169.231368000000000,34125,0.000561410000000
271,1,271,272,12544,13306,70551,CROZ,CROZ,2017,1,CR1?,1,M,KA,M,2010,7,0, , ,NA,0.326248183026000,0.673751816974000,-0.0822156697252105,0.068977827614600,2017,1718,-77.453047999999995,169.234100000000010,30206,-0.019716200000000
272,1,272,273,12548,13310,70568,CROZ,CROZ,2016,1,FAIL,0,M,KA,U,2010,6,0, , ,NA,0.146993476827000,-0.146993476827000,-0.0606230673578713,-0.082215669725200,2016,1617,-77.453028000000003,169.233467999999990,30128,-0.031363570000000
273,1,273,274,12564,13328,70593,CROZ,CROZ,2017,1,CR8,1,L,KA,U,2010,7,0, , ,NA,0.326248183026000,0.673751816974000,-0.0703816958586927,0.177662808419000,2017,1718,-77.453361999999998,169.238192000000000,29463,-0.104569030000000
274,1,274,275,12567,13331,70594,CROZ,CROZ,2015,1,FAIL,0,L,KA,M,2010,5,0, , ,NA,0.067902471887500,-0.067902471887500,-0.0569833650930371,-0.060623067357900,2015,1516,-77.454374000000001,169.235474000000010,26139,-0.032352350000000
275,1,275,276,12578,13344,70600,CROZ,CROZ,2017,1,FAIL,0,M,KA,F,2010,7,1, , ,NA,0.497935064229000,-0.497935064229000,0.16778433027479,0.034640451374100,2017,1718,-77.453091999999998,169.234145000000010,30030,-0.021208260000000
276,1,276,277,12581,13347,70604,CROZ,CROZ,2015,1,CR2?,1,C,KA,F,2010,5,0, , ,NA,0.067902471887500,0.932097528112000,-0.0569833650930371,0.272710265975000,2015,1516,-77.452534000000000,169.224504999999990,30610,0.025880460000000
277,1,277,278,12589,13355,70622,CROZ,CROZ,2016,1,FAIL,0,M,KA,M,2010,6,0, , ,NA,0.146993476827000,-0.146993476827000,-0.0606230673578713,-0.082215669725200,2016,1617,-77.452814000000004,169.233223000000010,30846,-0.000059470000000
278,1,278,279,12617,13384,70670,CROZ,CROZ,2017,1,CR1?,1,M,KA,F,2010,7,2, , ,NA,0.544052397898000,0.455947602102000,0.139314414943735,0.202641052375000,2017,1718,-77.453021000000007,169.233627000000010,30126,-0.048437630000000
279,1,279,280,12634,13402,70684,CROZ,CROZ,2017,1,CR1?,1,L,KA,U,2010,7,1, , ,NA,0.497935064229000,0.502064935771000,-0.110685585056265,0.011864519109200,2017,1718,-77.453344999999999,169.239330000000000,29754,-0.022115310000000
280,1,280,281,12639,13407,70685,CROZ,CROZ,2017,1,FAIL,0,M,KA,M,2010,7,1, , ,NA,0.497935064229000,-0.497935064229000,-0.0822156697252105,-0.165359548626000,2017,1718,-77.452940999999996,169.236171000000010,30795,-0.020956010000000
281,1,281,282,12651,13420,70708,CROZ,CROZ,2016,1,CR8,1,M,KA,M,2010,6,2, , ,NA,0.298069463905000,0.701930536095000,0.252066200635242,0.364532284500000,2016,1617,-77.452522999999999,169.233861999999990,32260,-0.033500060000000
282,1,282,283,12656,13425,70712,CROZ,CROZ,2016,1,FAIL,0,L,KA,M,2010,6,2, , ,NA,0.298069463905000,-0.298069463905000,0.252066200635242,0.114532284500000,2016,1617,-77.454106999999993,169.237648000000010,27254,-0.002353680000000
283,1,283,284,12666,13437,70723,CROZ,CROZ,2017,1,FAIL,0,M,KA,F,2010,7,1, , ,NA,0.497935064229000,-0.497935064229000,-0.0822156697252105,-0.165359548626000,2017,1718,-77.453137999999996,169.231795000000010,29398,-0.032632280000000
284,1,284,285,12673,13444,70732,CROZ,CROZ,2017,1,CR2?,1,M,KA,M,2010,7,0, , ,NA,0.326248183026000,0.673751816974000,-0.0959189561815378,0.096498737107400,2017,1718,-77.451950999999994,169.232741000000000,34505,-0.050423890000000
285,1,285,286,12678,13449,70744,CROZ,CROZ,2016,1,CR1?,1,M,KA,M,2010,6,0, , ,NA,0.146993476827000,0.853006523173000,-0.0703816958586927,0.237414377152000,2016,1617,-77.452956999999998,169.233150999999990,30530,-0.024681700000000
286,1,286,287,12688,13459,70757,CROZ,CROZ,2017,1,FAIL,0,M,KA,F,2010,7,1, , ,NA,0.497935064229000,-0.497935064229000,-0.0959189561815378,-0.196422983193000,2017,1718,-77.452281999999997,169.232227999999990,33166,-0.009191020000000
287,1,287,288,12695,13466,70766,CROZ,CROZ,2017,1,FAIL,0,M,KA,M,2010,7,0, , ,NA,0.326248183026000,-0.326248183026000,-0.0822156697252105,-0.131022172385000,2017,1718,-77.453018999999998,169.232869999999990,30045,-0.007655490000000
288,1,288,289,12701,13473,70770,CROZ,CROZ,2017,1,CR8?,1,M,KA,M,2010,7,0, , ,NA,0.326248183026000,0.673751816974000,-0.0959189561815378,0.096498737107400,2017,1718,-77.453006000000002,169.233032000000010,30043,-0.015091120000000
289,1,289,290,12719,13494,70807,CROZ,CROZ,2016,1,CR1,1,M,KA,M,2010,6,0, , ,NA,0.146993476827000,0.853006523173000,-0.0606230673578713,0.167784330275000,2016,1617,-77.452984999999998,169.234779000000000,30523,-0.003167670000000
290,1,290,291,12728,13503,70814,CROZ,CROZ,2016,1,FAIL,0,M,KA,M,2010,6,0, , ,NA,0.146993476827000,-0.146993476827000,-0.0606230673578713,-0.082215669725200,2016,1617,-77.453018999999998,169.231186000000010,29711,0.031716910000000
291,1,291,292,12732,13507,70816,CROZ,CROZ,2017,1,CR2?,1,M,KA,M,2010,7,1, , ,NA,0.497935064229000,0.502064935771000,-0.107447974357384,0.095722995685500,2017,1718,-77.452607999999998,169.233434999999990,31656,-0.033231880000000
292,1,292,293,12740,13516,70821,CROZ,CROZ,2017,1,UNK,0,P,KA,M,2010,7,1, , ,NA,0.497935064229000,-0.497935064229000,-0.0822156697252105,-0.165359548626000,2017,1718,-77.455286999999998,169.233105999999990,22777,0.006505720000000
293,1,293,294,12761,13539,70862,CROZ,CROZ,2017,1,FAIL,0,M,KA,M,2010,7,0, , ,NA,0.326248183026000,-0.326248183026000,-0.0959189561815378,-0.153501262893000,2017,1718,-77.452843999999999,169.233192000000000,30758,-0.003647850000000
294,1,294,295,12764,13542,70863,CROZ,CROZ,2016,1,CR1,1,M,KA,F,2010,6,1, , ,NA,0.260873138151000,0.739126861849000,-0.0703816958586927,0.199454490044000,2016,1617,-77.453106000000005,169.234751999999990,30025,-0.005808010000000
295,1,295,296,12775,13554,70880,CROZ,CROZ,2017,1,CR1?,1,M,KA,M,2010,7,2, , ,NA,0.544052397898000,0.455947602102000,-0.164387805019492,0.042390664020900,2017,1718,-77.452485999999993,169.236051000000000,32833,-0.013302940000000
296,1,296,297,12779,13558,70888,CROZ,CROZ,2016,1,CR1?,1,M,KA,U,2010,6,0, , ,NA,0.146993476827000,0.853006523173000,-0.0606230673578713,0.167784330275000,2016,1617,-77.452719999999999,169.233172000000000,31069,0.041058090000000
297,1,297,298,12787,13567,70892,CROZ,CROZ,2017,1,FAIL,0,M,KA,M,2010,7,2, , ,NA,0.544052397898000,-0.544052397898000,0.210039526534929,0.021516545426600,2017,1718,-77.452287999999996,169.234769000000000,33416,-0.041448400000000
298,1,298,299,12795,13577,70908,CROZ,CROZ,2017,1,CR2?,1,M,KA,M,2010,7,1, , ,NA,0.497935064229000,0.502064935771000,-0.0959189561815378,0.053577016806700,2017,1718,-77.453046999999998,169.232381000000000,29875,0.000873710000000
299,1,299,300,12800,13583,70914,CROZ,CROZ,2017,1,FAIL,0,M,KA,F,2010,7,1, , ,NA,0.497935064229000,-0.497935064229000,0.16778433027479,0.034640451374100,2017,1718,-77.452276999999995,169.232001000000000,32955,-0.015567010000000
300,1,300,301,12806,13591,70940,CROZ,CROZ,2016,1,CR1,1,M,KA,M,2010,6,0, , ,NA,0.146993476827000,0.853006523173000,-0.0606230673578713,0.167784330275000,2016,1617,-77.452663000000001,169.233757000000000,31469,-0.011249690000000
301,1,301,302,12832,13623,70994,CROZ,CROZ,2017,1,FAIL,0,L,KA,M,2010,7,1, , ,NA,0.497935064229000,-0.497935064229000,0.16778433027479,0.034640451374100,2017,1718,-77.454108000000005,169.238226000000000,27209,-0.020837130000000
302,1,302,303,12837,13629,70996,CROZ,CROZ,2017,1,CR1?,1,M,KA,F,2010,7,1, , ,NA,0.497935064229000,0.502064935771000,0.139314414943735,0.211864519109000,2017,1718,-77.453323999999995,169.235051000000000,29215,-0.010638010000000
303,1,303,304,12851,13645,71024,CROZ,CROZ,2017,1,FAIL,0,M,KA,F,2010,7,1, , ,NA,0.497935064229000,-0.497935064229000,-0.0822156697252105,-0.165359548626000,2017,1718,-77.452366999999995,169.234477000000000,33056,-0.038047040000000
304,1,304,305,12860,13654,71030,CROZ,CROZ,2017,1,CR1?,1,M,KA,M,2010,7,2, , ,NA,0.544052397898000,0.455947602102000,0.12383136593857,0.190254613171000,2017,1718,-77.452946999999995,169.234782000000000,30700,-0.022043690000000
305,1,305,306,12870,13667,71050,CROZ,CROZ,2017,1,CR2?,1,QR,KA,U,2010,7,1, , ,NA,0.497935064229000,0.502064935771000,-0.123293806798404,0.033045878844000,2017,1718,-77.456027000000006,169.229454000000000,18575,-0.001873980000000
306,1,306,307,12877,13674,71053,CROZ,CROZ,2016,1,FAIL,0,M,KA,M,2010,6,0, , ,NA,0.146993476827000,-0.146993476827000,-0.0606230673578713,-0.082215669725200,2016,1617,-77.453038000000006,169.233616000000010,30036,-0.030202550000000
307,1,307,308,12882,13680,71058,CROZ,CROZ,2016,1,FAIL,0,M,KA,U,2010,6,0, , ,NA,0.146993476827000,-0.146993476827000,-0.0606230673578713,-0.082215669725200,2016,1617,-77.452845999999994,169.235668000000000,31005,-0.015120010000000
308,1,308,309,12897,13695,71091,CROZ,CROZ,2017,1,FAIL?,0,M,KA,M,2010,7,1, , ,NA,0.497935064229000,-0.497935064229000,-0.0822156697252105,-0.165359548626000,2017,1718,-77.453159999999997,169.234685000000010,30117,-0.017838930000000
309,1,309,310,12900,13700,71103,CROZ,CROZ,2015,1,CR2?,1,M,KA,F,2010,5,0, , ,NA,0.067902471887500,0.932097528112000,-0.0569833650930371,0.272710265975000,2015,1516,-77.452270999999996,169.235151000000000,33565,-0.056242980000000
310,1,310,311,12914,13716,71126,CROZ,CROZ,2016,1,FAIL,0,M,KA,U,2010,6,1, , ,NA,0.260873138151000,-0.260873138151000,0.252066200635242,0.123831365939000,2016,1617,-77.452889999999996,169.235700000000010,30886,-0.015854750000000
311,1,311,312,12925,13727,71145,CROZ,CROZ,2017,1,CR1?,1,L,KA,M,2010,7,0, , ,NA,0.326248183026000,0.673751816974000,-0.0822156697252105,0.068977827614600,2017,1718,-77.453445000000002,169.237959999999990,29132,-0.098185550000000
312,1,312,313,12931,13734,71161,CROZ,CROZ,2016,1,CR1,1,M,KA,M,2010,6,1, , ,NA,0.260873138151000,0.739126861849000,-0.0606230673578713,0.139314414944000,2016,1617,-77.453023999999999,169.236450999999990,30571,-0.021357780000000
313,1,313,314,12937,13741,71164,CROZ,CROZ,2017,1,CR2,1,L,KA,M,2010,7,2, , ,NA,0.544052397898000,0.455947602102000,0.12383136593857,0.190254613171000,2017,1718,-77.454071999999996,169.236206000000010,27144,-0.056749100000000
314,1,314,315,12950,13755,71190,CROZ,CROZ,2016,1,FAIL,0,E,KA,M,2010,6,0, , ,NA,0.146993476827000,-0.146993476827000,-0.0606230673578713,-0.082215669725200,2016,1617,-77.454936000000004,169.241749000000000,25462,0.012601230000000
315,1,315,316,12956,13761,71203,CROZ,CROZ,2016,1,CR1,1,M,KA,F,2011,5,0, , ,NA,0.107718572702000,0.892281427298000,-0.0485032248465106,0.265091659202000,2016,1617,-77.452838999999997,169.234658000000000,30951,-0.038107910000000
316,1,316,317,12969,13776,71220,CROZ,CROZ,2017,1,FAIL?,0,M,KA,M,2011,6,0, , ,NA,0.259739522632000,-0.259739522632000,-0.0682416741317342,-0.116116136257000,2017,1718,-77.453175000000002,169.232446000000010,29390,-0.052089310000000
317,1,317,318,12984,13792,71246,CROZ,CROZ,2016,1,FAIL,0,M,KA,U,2011,5,0, , ,NA,0.107718572702000,-0.107718572702000,-0.0485032248465106,-0.068241674131700,2016,1617,-77.452828999999994,169.230921999999990,30659,0.010759880000000
318,1,318,319,13005,13814,71278,CROZ,CROZ,2016,1,FAIL,0,M,KA,U,2011,5,0, , ,NA,0.107718572702000,-0.107718572702000,-0.0485032248465106,-0.068241674131700,2016,1617,-77.452690000000004,169.234478999999990,31461,-0.035474860000000
319,1,319,320,13009,13819,71280,CROZ,CROZ,2017,1,FAIL,0,M,KA,U,2011,6,0, , ,NA,0.259739522632000,-0.259739522632000,-0.0682416741317342,-0.116116136257000,2017,1718,-77.452466000000001,169.235745000000010,32937,-0.011227770000000
320,1,320,321,13020,13830,71310,CROZ,CROZ,2017,1,CR2?,1,M,KA,U,2011,6,1, , ,NA,0.418148363674000,0.581851636326000,-0.0774959929496211,0.142286550142000,2017,1718,-77.452540999999997,169.234685000000010,32256,-0.035362510000000
321,1,321,322,13023,13833,71322,CROZ,CROZ,2016,1,FAIL?,0,L,KA,U,2011,5,0, , ,NA,0.107718572702000,-0.107718572702000,-0.0485032248465106,-0.068241674131700,2016,1617,-77.453290999999993,169.237153000000010,29616,-0.017307560000000
322,1,322,323,13029,13840,71332,CROZ,CROZ,2016,1,CR1,1,M,KA,M,2011,5,0, , ,NA,0.107718572702000,0.892281427298000,-0.0485032248465106,0.265091659202000,2016,1617,-77.452269999999999,169.232875000000010,33251,-0.018665930000000
323,1,323,324,13035,13846,71346,CROZ,CROZ,2017,1,CR1?,1,M,KA,U,2011,6,0, , ,NA,0.259739522632000,0.740260477368000,-0.0682416741317342,0.133883863743000,2017,1718,-77.452368000000007,169.235255000000000,33235,-0.033565650000000
324,1,324,325,13044,13855,71362,CROZ,CROZ,2017,1,CR2,1,M,KA,F,2011,6,1, , ,NA,0.418148363674000,0.581851636326000,-0.0774959929496211,0.142286550142000,2017,1718,-77.452056999999996,169.231125999999990,33984,0.005343940000000
325,1,325,326,13048,13859,71373,CROZ,CROZ,2017,1,CR1,1,M,KA,M,2011,6,1, , ,NA,0.418148363674000,0.581851636326000,0.265091659201599,0.344281653483000,2017,1718,-77.452526000000006,169.235533000000000,32330,-0.025442350000000
326,1,326,327,13058,13869,71387,CROZ,CROZ,2017,1,FAIL,0,B,KA,U,2011,6,0, , ,NA,0.259739522632000,-0.259739522632000,-0.0682416741317342,-0.116116136257000,2017,1718,-77.451667999999998,169.231844000000000,35441,-0.087386350000000
327,0,327,328,13064,13876,71404,CROZ,CROZ,2017,1,CR2?,1,M,KA,M,2011,6,1, , ,NA,0.418148363674000,0.581851636326000,0.422504007050379,0.475619883476000,2017,1718,-77.453153999999998,169.231103999999990,0,0.000000000000000
328,0,328,329,13074,13886,71424,CROZ,CROZ,2017,1,CR2?,1,M,KA,M,2011,6,1, , ,NA,0.418148363674000,0.581851636326000,0.265091659201599,0.344281653483000,2017,1718,-77.452815000000001,169.236635000000010,0,0.000000000000000
329,1,329,330,13077,13890,71426,CROZ,CROZ,2016,1,FAIL,0,M,KA,F,2011,5,1, , ,NA,0.198242378795000,-0.198242378795000,-0.0485032248465106,-0.098416276162600,2016,1617,-77.453063999999998,169.234163999999990,30120,-0.019612860000000
330,1,330,331,13083,13896,71438,CROZ,CROZ,2017,1,FAIL,0,M,KA,M,2011,6,0, , ,NA,0.259739522632000,-0.259739522632000,-0.0682416741317342,-0.116116136257000,2017,1718,-77.452884999999995,169.235270000000010,30950,-0.017679020000000
331,1,331,332,13087,13900,71439,CROZ,CROZ,2017,1,CR1?,1,M,KA,U,2011,6,1, , ,NA,0.418148363674000,0.581851636326000,-0.0682416741317342,0.094281653482700,2017,1718,-77.452916000000002,169.234237000000010,30643,0.013425750000000
332,1,332,333,13104,13919,71462,CROZ,CROZ,2017,1,FAIL,0,M,KA,F,2011,6,1, , ,NA,0.418148363674000,-0.418148363674000,0.234917057170719,0.071650701959600,2017,1718,-77.452974999999995,169.233984999999990,30587,0.016232470000000
333,1,333,334,13111,13927,71472,CROZ,CROZ,2016,1,CR8,1,M,KA,M,2011,5,1, , ,NA,0.198242378795000,0.801757621205000,-0.0485032248465106,0.234917057171000,2016,1617,-77.452354000000000,169.234411999999990,33057,-0.038628790000000
334,1,334,335,13114,13930,71475,CROZ,CROZ,2016,1,FAIL,0,M,KA,F,2011,5,0, , ,NA,0.107718572702000,-0.107718572702000,-0.0485032248465106,-0.068241674131700,2016,1617,-77.452753000000001,169.234627999999990,31174,-0.037026130000000
335,1,335,336,13121,13937,71477,CROZ,CROZ,2017,1,CR1?,1,M,KA,U,2011,6,0, , ,NA,0.259739522632000,0.740260477368000,-0.0774959929496211,0.195089497156000,2017,1718,-77.453057000000001,169.233490999999990,30038,-0.026331610000000
336,1,336,337,13126,13942,71479,CROZ,CROZ,2017,1,CR2?,1,M,KA,M,2011,6,1, , ,NA,0.418148363674000,0.581851636326000,-0.0682416741317342,0.094281653482700,2017,1718,-77.452622000000005,169.234381000000010,31839,-0.029535700000000
337,1,337,338,13133,13949,71484,CROZ,CROZ,2017,1,FAIL,0,B,KA,U,2011,6,0, , ,NA,0.259739522632000,-0.259739522632000,-0.0682416741317342,-0.116116136257000,2017,1718,-77.451606999999996,169.231831000000000,35501,-0.092522120000000
338,1,338,339,13145,13961,71497,CROZ,CROZ,2017,1,CR1?,1,L,KA,M,2011,6,0, , ,NA,0.259739522632000,0.740260477368000,-0.0774959929496211,0.195089497156000,2017,1718,-77.453360000000004,169.237744999999990,29373,-0.050376040000000
339,1,339,340,13152,13971,71511,CROZ,CROZ,2016,1,FAIL,0,M,KA,M,2011,5,0, , ,NA,0.107718572702000,-0.107718572702000,-0.0485032248465106,-0.068241674131700,2016,1617,-77.452831000000003,169.235812000000010,31003,-0.015528490000000
340,0,340,341,13163,13982,71525,CROZ,CROZ,2017,1,CR1?,1,EROOK,KA,U,2011,6,0, , ,NA,0.259739522632000,0.740260477368000,-0.0787258045990709,0.194269622723000,2017,1718,-77.461832000000001,169.289192000000010,0,0.000000000000000
341,1,341,342,13166,13985,71528,CROZ,CROZ,2017,1,FAIL,0,L,KA,F,2011,6,1, , ,NA,0.418148363674000,-0.418148363674000,-0.0774959929496211,-0.191046783191000,2017,1718,-77.453017000000003,169.237561000000000,30743,-0.025998640000000
342,1,342,343,13176,13996,71556,CROZ,CROZ,2017,1,CR?,1,M,KA,F,2011,6,2, , ,NA,0.463701040242000,0.536298959758000,-0.113409321748357,0.049017748628200,2017,1718,-77.452010999999999,169.232492000000010,34276,-0.031282520000000
343,1,343,344,13183,14003,71562,CROZ,CROZ,2017,1,CR2?,1,M,KA,F,2011,6,1, , ,NA,0.418148363674000,0.581851636326000,-0.0774959929496211,0.142286550142000,2017,1718,-77.452056999999996,169.230985000000000,33986,0.006614850000000
344,1,344,345,13187,14007,71569,CROZ,CROZ,2017,1,CR1?,1,D,KA,F,2011,6,1, , ,NA,0.418148363674000,0.581851636326000,0.265091659201599,0.344281653483000,2017,1718,-77.462356000000000,169.224333000000000,169,-0.054565000000000
345,1,345,346,13192,14013,71587,CROZ,CROZ,2016,1,CR1?,1,M,KA,F,2011,5,0, , ,NA,0.107718572702000,0.892281427298000,-0.0485032248465106,0.265091659202000,2016,1617,-77.452568999999997,169.235755000000010,32148,-0.025815850000000
346,1,346,347,13198,14019,71595,CROZ,CROZ,2016,1,FAIL,0,L,KA,U,2011,5,0, , ,NA,0.107718572702000,-0.107718572702000,-0.0485032248465106,-0.068241674131700,2016,1617,-77.454199000000003,169.239019000000010,27080,-0.046420460000000
347,1,347,348,13203,14024,71600,CROZ,CROZ,2017,1,CR1?,1,M,KA,M,2011,6,1, , ,NA,0.418148363674000,0.581851636326000,-0.0682416741317342,0.094281653482700,2017,1718,-77.452633000000006,169.233408999999990,31472,-0.001975290000000
348,1,348,349,13208,14029,71608,CROZ,CROZ,2016,1,FAIL,0,M,KA,M,2011,5,0, , ,NA,0.107718572702000,-0.107718572702000,-0.0485032248465106,-0.068241674131700,2016,1617,-77.453045000000003,169.236471999999990,30571,-0.021357780000000
349,1,349,350,13213,14034,71611,CROZ,CROZ,2016,1,FAIL,0,M,KA,M,2011,5,0, , ,NA,0.107718572702000,-0.107718572702000,-0.0485032248465106,-0.068241674131700,2016,1617,-77.452472000000000,169.236424000000000,32731,-0.066980000000000
350,1,350,351,13223,14045,71621,CROZ,CROZ,2016,1,FAIL,0,M,KA,U,2011,5,0, , ,NA,0.107718572702000,-0.107718572702000,-0.0485032248465106,-0.068241674131700,2016,1617,-77.452563999999995,169.234036000000000,31843,-0.027563480000000
351,1,351,352,13227,14049,71632,CROZ,CROZ,2017,1,CR1?,1,M,KA,F,2011,6,1, , ,NA,0.418148363674000,0.581851636326000,-0.0984162761626141,0.071650701959600,2017,1718,-77.452822999999995,169.234728999999990,31062,-0.038656260000000
352,1,352,353,13241,14063,71652,CROZ,CROZ,2016,1,FAIL,0,M,KA,U,2011,5,0, , ,NA,0.107718572702000,-0.107718572702000,-0.0485032248465106,-0.068241674131700,2016,1617,-77.452642999999995,169.234330000000000,31647,-0.028526180000000
353,1,353,354,13251,14074,71689,CROZ,CROZ,2016,1,CR1,1,M,KA,U,2011,5,0, , ,NA,0.107718572702000,0.892281427298000,-0.0485032248465106,0.265091659202000,2016,1617,-77.452573000000001,169.233746000000000,32053,-0.051950010000000
354,1,354,355,13262,14085,71695,CROZ,CROZ,2017,1,CR1,1,M,KA,M,2011,6,1, , ,NA,0.418148363674000,0.581851636326000,0.265091659201599,0.344281653483000,2017,1718,-77.452059000000006,169.229944999999990,33586,0.011931600000000
355,1,355,356,13277,14100,71722,CROZ,CROZ,2017,1,CR2?,1,L,KA,F,2011,6,2, , ,NA,0.463701040242000,0.536298959758000,-0.0984162761626141,0.060262532817500,2017,1718,-77.453265000000002,169.237229000000010,29759,-0.017795370000000
356,1,356,357,13305,14131,71762,CROZ,CROZ,2017,1,CR1?,1,L,KA,F,2011,6,0, , ,NA,0.259739522632000,0.740260477368000,-0.0682416741317342,0.133883863743000,2017,1718,-77.453255999999996,169.236860000000010,29688,-0.017416710000000
357,1,357,358,13312,14138,71783,CROZ,CROZ,2017,1,CR1?,1,M,KA,F,2011,6,1, , ,NA,0.418148363674000,0.581851636326000,-0.0984162761626141,0.071650701959600,2017,1718,-77.452929999999995,169.236116000000010,30834,-0.019876020000000
358,0,358,359,13317,14143,71800,CROZ,CROZ,2016,1,CR1?,1,M,KA,F,2011,5,1, , ,NA,0.198242378795000,0.801757621205000,-0.0472734131970609,0.377242104004000,2016,1617,-77.452466999999999,169.232440000000000,0,0.000000000000000
359,1,359,360,13322,14149,71801,CROZ,CROZ,2017,1,CR1?,1,M,KA,M,2011,6,0, , ,NA,0.259739522632000,0.740260477368000,-0.0682416741317342,0.133883863743000,2017,1718,-77.452822999999995,169.231520999999990,30710,0.005522760000000
360,1,360,361,13327,14155,71808,CROZ,CROZ,2017,1,CR1,1,M,KA,F,2011,6,0, , ,NA,0.259739522632000,0.740260477368000,-0.0682416741317342,0.133883863743000,2017,1718,-77.453035999999997,169.234658999999990,30286,-0.001811510000000
361,1,361,362,13336,14165,71816,CROZ,CROZ,2017,1,CR1,1,M,KA,M,2011,6,0, , ,NA,0.259739522632000,0.740260477368000,-0.0682416741317342,0.133883863743000,2017,1718,-77.452856999999995,169.236039000000010,31001,-0.016786150000000
362,1,362,363,13340,14169,71817,CROZ,CROZ,2017,1,CR1,1,L,KA,M,2011,6,1, , ,NA,0.418148363674000,0.581851636326000,-0.0682416741317342,0.094281653482700,2017,1718,-77.453298000000004,169.236687999999990,29557,-0.015892920000000
363,1,363,364,13360,14190,71864,CROZ,CROZ,2016,1,FAIL,0,M,KA,F,2011,5,0, , ,NA,0.107718572702000,-0.107718572702000,-0.0497330364959603,-0.078725804599100,2016,1617,-77.452590999999998,169.233755000000000,31654,-0.010451580000000
364,1,364,365,13376,14206,71903,CROZ,CROZ,2016,1,FAIL,0,M,KA,M,2011,5,0, , ,NA,0.107718572702000,-0.107718572702000,-0.0472734131970609,-0.077495992949600,2016,1617,-77.453075999999996,169.235177999999990,30198,-0.035816380000000
365,1,365,366,13380,14210,71906,CROZ,CROZ,2017,1,FAIL,0,M,KA,F,2011,6,1, , ,NA,0.418148363674000,-0.418148363674000,-0.0774959929496211,-0.191046783191000,2017,1718,-77.451847000000001,169.232091999999990,34860,-0.011142400000000
366,1,366,367,13386,14216,71912,CROZ,CROZ,2016,1,CR1?,1,M,KA,M,2011,5,0, , ,NA,0.107718572702000,0.892281427298000,-0.0472734131970609,0.422504007050000,2016,1617,-77.452511000000001,169.234242999999990,32409,-0.047348630000000
367,1,367,368,13395,14227,71925,CROZ,CROZ,2016,1,FAIL,0,M,KA,F,2011,5,0, , ,NA,0.107718572702000,-0.107718572702000,-0.0485032248465106,-0.068241674131700,2016,1617,-77.453086999999996,169.233616000000010,30036,-0.030202550000000
368,1,368,369,13409,14242,71944,CROZ,CROZ,2016,1,FAIL?,0,B,KA,U,2011,5,0, , ,NA,0.107718572702000,-0.107718572702000,-0.0497330364959603,-0.078725804599100,2016,1617,-77.450689999999994,169.228030999999990,37225,0.014978230000000
369,0,369,370,13416,14249,71949,CROZ,CROZ,2017,1,CR1?,1,L,KA,M,2011,6,0, , ,NA,0.259739522632000,0.740260477368000,-0.0774959929496211,0.195089497156000,2017,1718,-77.454487999999998,169.237919000000010,0,0.000000000000000
370,1,370,371,13419,14252,71953,CROZ,CROZ,2017,1,CR1?,1,M,KA,F,2011,6,0, , ,NA,0.259739522632000,0.740260477368000,-0.0787258045990709,0.194269622723000,2017,1718,-77.452477000000002,169.236468000000000,32731,-0.066980000000000
371,1,371,372,13423,14257,71957,CROZ,CROZ,2017,1,FAIL,0,M,KA,F,2011,6,0, , ,NA,0.259739522632000,-0.259739522632000,-0.0682416741317342,-0.116116136257000,2017,1718,-77.452397000000005,169.235464000000010,33045,-0.021435080000000
372,1,372,373,13426,14260,71961,CROZ,CROZ,2016,1,FAIL,0,M,KA,M,2011,5,0, , ,NA,0.107718572702000,-0.107718572702000,-0.0485032248465106,-0.068241674131700,2016,1617,-77.452752000000004,169.233228999999990,31017,0.025891260000000
373,1,373,374,13441,14278,71984,CROZ,CROZ,2017,1,CR2?,1,M,KA,F,2011,6,1, , ,NA,0.418148363674000,0.581851636326000,-0.0682416741317342,0.094281653482700,2017,1718,-77.452502999999993,169.235120999999990,32476,-0.051753060000000
374,1,374,375,13444,14281,72001,CROZ,CROZ,2016,1,CR1,1,M,KA,F,2011,5,0, , ,NA,0.107718572702000,0.892281427298000,-0.0485032248465106,0.265091659202000,2016,1617,-77.453074000000001,169.235930000000000,30356,-0.019572490000000
375,1,375,376,13448,14285,72003,CROZ,CROZ,2016,1,FAIL,0,M,KA,F,2011,5,0, , ,NA,0.107718572702000,-0.107718572702000,-0.0485032248465106,-0.068241674131700,2016,1617,-77.452640000000002,169.233810000000010,31468,-0.012854290000000
376,1,376,377,13452,14289,72004,CROZ,CROZ,2017,1,FAIL,0,M,KA,M,2011,6,1, , ,NA,0.418148363674000,-0.418148363674000,-0.0682416741317342,-0.155718346517000,2017,1718,-77.452940999999996,169.234169000000010,30643,0.013425750000000
377,1,377,378,13456,14293,72018,CROZ,CROZ,2017,1,CR1?,1,M,KA,M,2011,6,0, , ,NA,0.259739522632000,0.740260477368000,-0.0682416741317342,0.133883863743000,2017,1718,-77.453326000000004,169.231605000000000,28830,0.012256840000000
378,1,378,379,13465,14303,72034,CROZ,CROZ,2015,1,FAIL,0,M,KA,F,2011,4,0, , ,NA,0.047273413197100,-0.047273413197100,-0.0497330364959603,-0.048503224846500,2015,1516,-77.453149999999994,169.233807000000010,29862,-0.020254980000000
379,1,379,380,13483,14322,72054,CROZ,CROZ,2016,1,FAIL,0,L,KA,M,2011,5,0, , ,NA,0.107718572702000,-0.107718572702000,-0.0485032248465106,-0.068241674131700,2016,1617,-77.453018999999998,169.237576999999990,30788,-0.028567200000000
380,1,380,381,13493,14333,72060,CROZ,CROZ,2017,1,CR8?,1,B,KA,F,2011,6,0, , ,NA,0.259739522632000,0.740260477368000,-0.0682416741317342,0.133883863743000,2017,1718,-77.451552000000007,169.231069999999990,35688,-0.019126380000000
381,1,381,382,13501,14342,72069,CROZ,CROZ,2016,1,FAIL,0,M,KA,F,2011,5,0, , ,NA,0.107718572702000,-0.107718572702000,-0.0485032248465106,-0.068241674131700,2016,1617,-77.453314000000006,169.234806999999990,29218,-0.020347410000000
382,1,382,383,13506,14347,72079,CROZ,CROZ,2017,1,CR2?,1,M,KA,F,2011,6,0, , ,NA,0.259739522632000,0.740260477368000,-0.0682416741317342,0.133883863743000,2017,1718,-77.452814000000004,169.231100000000000,30657,-0.005673480000000
383,1,383,384,13509,14350,72080,CROZ,CROZ,2017,1,CR1?,1,M,KA,F,2011,6,0, , ,NA,0.259739522632000,0.740260477368000,-0.0774959929496211,0.195089497156000,2017,1718,-77.452926000000005,169.236392000000000,30878,-0.032534240000000
384,1,384,385,13516,14357,72089,CROZ,CROZ,2016,1,FAIL,0,L,KA,F,2011,5,0, , ,NA,0.107718572702000,-0.107718572702000,-0.0485032248465106,-0.068241674131700,2016,1617,-77.453828000000001,169.236132000000000,28024,-0.049659490000000
385,1,385,386,13533,14375,72113,CROZ,CROZ,2016,1,FAIL,0,M,KA,F,2011,5,0, , ,NA,0.107718572702000,-0.107718572702000,-0.0485032248465106,-0.068241674131700,2016,1617,-77.452757000000005,169.234833000000010,31371,-0.039766800000000
386,1,386,387,13538,14380,72126,CROZ,CROZ,2017,1,CR1?,1,M,KA,U,2011,6,0, , ,NA,0.259739522632000,0.740260477368000,-0.0682416741317342,0.133883863743000,2017,1718,-77.452926000000005,169.236414000000000,30936,-0.039178720000000
387,1,387,388,13548,14390,72140,CROZ,CROZ,2017,1,CR1?,1,M,KA,M,2011,6,0, , ,NA,0.259739522632000,0.740260477368000,-0.0682416741317342,0.133883863743000,2017,1718,-77.452550000000002,169.234778000000010,32255,-0.035634120000000
388,1,388,389,13551,14393,72148,CROZ,CROZ,2017,1,CR2?,1,M,KA,F,2011,6,1, , ,NA,0.418148363674000,0.581851636326000,-0.0774959929496211,0.142286550142000,2017,1718,-77.452680999999998,169.229531000000010,30915,0.021400670000000
389,1,389,390,13559,14401,72156,CROZ,CROZ,2017,1,FAIL,0,M,KA,M,2011,6,0, , ,NA,0.259739522632000,-0.259739522632000,-0.0682416741317342,-0.116116136257000,2017,1718,-77.452528999999998,169.234801000000000,32408,-0.051191260000000
390,1,390,391,13562,14404,72158,CROZ,CROZ,2017,1,CR1?,1,M,KA,M,2011,6,0, , ,NA,0.259739522632000,0.740260477368000,-0.0774959929496211,0.195089497156000,2017,1718,-77.452483999999998,169.234179000000010,32337,-0.043958020000000
391,1,391,392,13567,14410,72165,CROZ,CROZ,2017,1,FAIL,0,M,KA,U,2011,6,0, , ,NA,0.259739522632000,-0.259739522632000,-0.0774959929496211,-0.138243836177000,2017,1718,-77.452530999999993,169.233381000000010,31657,-0.031621630000000
392,1,392,393,13602,14450,72786,CROZ,CROZ,2017,1,CR1,1,M,KA,U,2012,5,1, , ,NA,0.334865621777000,0.665134378223000,-0.0539833290466008,0.185722573377000,2017,1718,-77.452661000000006,169.235423999999990,31833,-0.016160460000000
393,1,393,394,13605,14453,72792,CROZ,CROZ,2017,1,CR1?,1,M,KA,U,2012,5,0, , ,NA,0.197308270678000,0.802691729322000,-0.0539833290466008,0.231575023743000,2017,1718,-77.452950999999999,169.235891000000010,30835,-0.017777640000000
394,1,394,395,13611,14459,72829,CROZ,CROZ,2017,1,CR1,1,M,KA,F,2012,5,0, , ,NA,0.197308270678000,0.802691729322000,-0.0539833290466008,0.231575023743000,2017,1718,-77.452692999999996,169.233659999999990,31247,-0.013818900000000
395,1,395,396,13615,14463,72838,CROZ,CROZ,2016,1,FAIL,0,P,KA,U,2012,4,0, , ,NA,0.075979234750500,-0.075979234750500,-0.0319874233427305,-0.053983329046600,2016,1617,-77.455286000000001,169.224058000000010,21387,-0.004024300000000
396,1,396,397,13624,14472,72884,CROZ,CROZ,2016,1,FAIL,0,M,KA,M,2012,4,0, , ,NA,0.075979234750500,-0.075979234750500,-0.0319874233427305,-0.053983329046600,2016,1617,-77.452979999999997,169.235789000000010,30579,-0.026241510000000
397,1,397,398,13654,14505,73014,CROZ,CROZ,2017,1,CR1?,1,M,KA,M,2012,5,0, , ,NA,0.197308270678000,0.802691729322000,-0.0539833290466008,0.231575023743000,2017,1718,-77.452967000000001,169.235481999999990,30840,-0.018833920000000
398,1,398,399,13662,14513,73071,CROZ,CROZ,2017,1,CR2?,1,M,KA,U,2012,5,0, , ,NA,0.197308270678000,0.802691729322000,-0.0539833290466008,0.231575023743000,2017,1718,-77.452602999999996,169.235846000000010,32246,-0.019761910000000
399,1,399,400,13664,14516,73076,CROZ,CROZ,2016,1,FAIL,0,M,KA,M,2012,4,0, , ,NA,0.075979234750500,-0.075979234750500,-0.0319874233427305,-0.053983329046600,2016,1617,-77.453018999999998,169.234410000000000,30451,-0.044936010000000